RA, 
11201920641, DA1NHI2049-13SA
11201920641, DA1MCTA014-15SA
11202020902, DA1BIS0003-15SB
11111209, NA1ESZB015-17SA
11201812123, NA1ESTG023-17SB
21044013, NA1NHT3089-15SA
11202020602, NA2ESTO902-17SA
21065813, DA1ESHC035-21SB
11202130376, DB3BIJ0207-15SA
11042015, DA1ESZA005-17SA
11201810859, NA1BHQ0004-19SB
11054214, NA1ESZG006-17SB
11201722567, NA1NHT4049-15SA
11201810209, NA1NHZ6011-18SA
11201810209, NA1BCN0407-15SA
11201810209, NA3BCJ0203-15SA
11201721620, NA1MCTB023-17SA
11201721620, NA1NHZ5020-15SA
11201721620, NA1MCTD021-18SA
11110611, NB1ESTE035-17SA
11202021891, NB1ESTA019-17SA
11202021891, NA1BCJ0203-15SA
11202021891, DB1ESTO013-17SA
11088716, DA1ESZI045-17SA
11042215, NA2MCTB001-17SA
13201910027, NA1ESHP004-13SB
11201920486, NA1ESTO902-17SA
11201920486, NA1MCZA030-17SA
11201811638, NA1MCZC011-15SB
11116415, DA5ESTO903-17SA
11202022127, NA1MCZC008-13SB
11202022127, DA1MCTC023-15SB
11202020119, NB1BCK0104-15SA
11201721492, NA1MCZC008-13SB
11006016, NA1ESZE073-17SA
11202210059, NB1BHQ0001-15SB
11202210059, NB1BHP0202-19SB
11202130070, DA1ESHT005-17SB
11201921061, DB1NHH2088-16SB
11201722713, NB1BCN0407-15SA
11129511, NB1ESTE035-17SA
11063716, NA1NHT1070-15SA
11016016, NA2BCJ0203-15SB
21002815, DA1MCTA028-15SA
21002815, NA1MCZB028-13SA
11107315, NA3BCJ0203-15SA
11107315, NA1BCN0405-15SA
11202131777, NA1BCJ0203-15SB
11201812160, NC3BIS0003-15SA
11201811735, NA2MCTA017-17SA
11202131227, NA1BIN0406-15SA
11201721457, NA1ESZG006-17SB
11201721457, NA1ESZG020-17SB
11201721457, DA1ESTG025-17SB
11202210001, DB1BCM0506-15SA
11202020598, DA2MCTC023-15SB
11202020598, DA1BCK0104-15SA
11201811304, NA1ESZG020-17SB
11201722584, NA1ESTB022-17SB
11201722463, NA3BIS0003-15SA
11201812346, DB1ESTU025-17SA
11201812346, NA1ESHT021-17SB
11202021216, DA1NHT1053-15SA
11201812111, NA1ESHP004-13SB
11201811812, NA1BCM0506-15SA
11201812061, NA1MCZC021-20SB
11201721394, DA1ESTA016-17SA
11201721394, DA1ESTA017-17SA
11202130778, NA1ESTO005-17SB
11202130778, DB1ESZG013-17SB
11202020410, DB2BCS0002-15SA
11201722009, DA3MCTA028-15SA
11201722009, DA1ESHC030-17SB
11201922012, NC3BIS0003-15SA
11201922012, NB6BIS0005-15SB
11202020130, NB1BCS0002-15SA
11201920684, NA1ESTG005-17SB
21040016, NA1ESHC026-17SB
21040016, NA1ESHC035-21SB
11202131236, DA1ESTU023-17SA
11202131236, DB3BIJ0207-15SA
11202131236, NA3BIK0102-15SA
11202210047, NA1NHZ5023-18SB
11201921081, NA2ESTO902-17SA
11202022021, NA1ESHR004-13SB
11201720466, NA1NHT1056-15SA
11202111658, DA1BHO1102-19SB
11202130685, NBESTO012-17SB
21072915, NA1ESTU026-17SA
11201721689, NA1MCZC008-13SB
11201810627, NA1ESTO903-17SA
11202111531, NA1MCTC002-15SB
11202111531, DA1NHZ6001-18SA
11202111531, DA1NHT1030-15SA
11020516, NA1BCN0405-15SB
11202021373, NC1BIS0003-15SB
11201811919, NA1ESHT005-17SB
11201811703, DA3ESTO902-17SA
11201921346, DA2MCTA037-17SA
11201810881, NA1MCZC021-20SB
11201921210, DA1MCTC023-15SB
11202020870, NA1ESHT021-17SB
11202020870, DA1NHI2049-13SB
11201920165, NA1NHI2049-13SB
11201920165, NA1ESHR018-13SB
11201920165, DA1ESZT016-17SB
11201920165, DA1MCZC008-13SB
11101213, NB1ESTE035-17SA
11101213, NA1ESZE031-17SA
11201921067, NA1NHZ2138-18SB
11201921067, NA1ESTG014-17SB
11201920328, NA1NHI2049-13SB
11202020227, NA1ESHC002-17SB
11117913, NA1ESTE015-17SA
11201921782, NA1BIR0004-15SA
11201921782, NA2MCTB001-17SA
11201921782, NA1BCS0002-15SA
11117616, NA1BCN0402-15SB
11201822390, NA1ESTE027-17SA
11201811173, DA1MCTA002-17SA
11201811173, NC1BCL0307-15SA
11201811173, DA1BIQ0602-15SA
11030516, NA1ESZU036-17SA
11071215, NA1MCTA017-17SA
11201811058, DA1ESZI043-17SA
11202020502, NA1BCK0104-15SA
11202020502, NA1ESTA020-17SA
11201932539, NA1ESZE104-17SA
11201810254, NA1ESHR025-14SB
11201810397, NA1NHT3013-13SA
21054716, NA1ESHT023-17SB
21054716, NC1BIS0003-15SB
11202020548, DA1BIR0004-15SA
11201932461, DA1MCTA028-15SA
11201811698, NA1NHZ5020-15SA
11202130049, DB1ESTO006-17SA
11202022219, NA1ESHC002-17SB
21062714, NA1MCTC002-15SB
21062714, NA1MCTC011-15SB
21062714, NA1NHZ2099-16SB
11201722669, NA1MCZA030-17SA
11202020895, DB1BCS0002-15SA
11201822414, NA1NHT1056-15SA
11111211, NA1ESZU036-17SA
11111211, NA2BCK0104-15SA
11111211, NA1ESTE019-17SA
11111211, NA1NHZ6001-18SA
11111211, NA1ESZE044-17SA
11202111950, NB1BHO0102-15SB
11111315, NA1BHO0101-15SB
11111315, NA1MCTC022-15SB
11202021750, NA1ESHR007-14SB
11202021750, NA1ESHR025-14SB
11202130105, DB6BIS0005-15SB
11202130105, DA1BIJ0207-15SB
11202130305, DA1NHZ3094-22SA
11202022025, NA1BHO1102-19SB
11202022025, NA1ESHC008-21SB
11113716, NB2BCK0104-15SA
11202021562, DA1BHO1102-19SB
11202021562, DB1BCM0506-15SB
21075716, NA1NHZ6001-18SA
21075716, NA1MCTD010-18SA
11201722989, NA1ESHC035-21SB
11202020143, NA1ESHC028-17SB
11201921908, NA2ESTO004-17SB
11202020629, NB1BCN0405-15SA
11201812080, NA2BHQ0003-15SB
11201920564, NA2BIR0004-15SA
11202021935, DA1BCN0405-15SA
11201920494, DC1BCL0307-15SA
11201920494, NA1BCK0103-15SA
11201920494, NA2BIR0004-15SA
11115715, DA2BCS0002-15SA
11202111767, DA1ESHR025-14SB
11202111767, DA1ESZP034-14SB
11202022141, NA1BCS0002-15SA
11202020597, NB1BIR0603-15SA
21043816, NA1ESZS004-17SB
11053916, DA1MCZC008-13SB
11201922144, NA1ESHC031-17SB
11201811402, DA1ESZG041-17SB
11201811402, DA2ESTO902-17SA
11068415, NA1ESZU016-17SA
11202020358, DB1BCS0002-15SA
11201810560, NA1ESTG023-17SB
11201921818, NC1NHT5013-15SA
11201721268, NB1ESTO903-17SB
11202111720, DA1ESHP013-13SB
11202130392, DB1ESTO012-17SA
11202020169, NA1NHZ1081-13SA
11201810742, NA1ESZU016-17SA
11202020741, DB1ESTU025-17SA
11201921794, NB2BCN0407-15SA
11201921083, NA1ESHT010-17SB
11202232189, DA1ESHC030-17SB
11202232189, DB1BHQ0004-19SB
11202232189, NA1BHO0101-15SB
11202232189, DA1MCTC011-15SB
11202232189, NA1BIR0603-15SB
11202232189, DA1MCZC008-13SB
11202232189, NB4BIS0003-15SA
11201810441, NA3BIL0304-15SA
11201810441, NA2BIN0406-15SB
11201810441, NA1BHQ0004-19SB
11201812242, NA1ESTM008-17SA
11201819000, NA1ESHP018-14SB
11201922183, DA1ESHR008-13SB
11202020799, NA2MCTA028-15SA
11201722466, NA1NHH2009-13SB
11201722466, DA1ESHC030-17SB
11201722466, DB1BHQ0004-19SB
11201722466, DA2BCM0506-15SA
11201722466, NA1ESHT019-17SB
11201722466, NA1ESHP022-14SB
11202021936, NA1NHT1053-15SA
11202130429, NA1BIR0004-15SA
11202021240, DB1NHZ6001-18SA
11201920602, NA1MCTB023-17SA
11201921363, NA1BCS0002-15SA
11008016, DA2MCTC023-15SB
11201920764, NA1ESZU029-17SA
11202112051, NA1MCTC011-15SB
11201921012, DA1NHZ6001-18SA
11201921012, DA1MCZC001-20SB
11201810792, DA1ESTG025-17SB
11201810792, DA1ESTG006-17SB
11201810792, DA1ESTG010-17SB
11202020433, DA1NHI2049-13SA
11201722968, NA1ESZM037-17SA
21021815, NA1ESZS004-17SB
21021815, NA1MCZB031-17SB
11201811848, NB2ESTO903-17SB
11201810213, DA1MCZC008-13SB
11202232190, DA1BIR0603-15SA
11202021698, DA1NHZ3094-22SA
11202131694, NA1MCZC008-13SB
11202131696, NA3BIN0406-15SA
11202131938, NA1BHO0102-15SB
13201910079, NA1BHQ0004-19SB
13201910079, NA1ESHT023-17SB
11201932596, NA1ESHC028-17SB
11201932596, NA1BHO0002-19SB
11201932596, NB1BIK0102-15SB
13201910057, NB1BHQ0004-19SB
11201920186, NA1ESHR007-14SB
11201920186, NA1ESHR025-14SB
11202232220, DC1BIL0304-15SA
11201920594, DA1ESTG006-17SB
11201810046, DA1ESTU026-17SA
11201922187, NA1BCN0407-15SA
11201920577, NA1ESZC013-17SB
11201920577, NA1ESHR025-14SB
11201722077, NA1ESTO008-17SA
11202111952, NB1BCM0506-15SA
11201922330, NA1ESTA016-17SA
11202020627, DB2BCS0002-15SA
11201811676, DA1ESZC020-17SB
11201812014, NA1ESHP026-14SB
11202131349, NA1BCM0506-15SA
11202131349, NA7BCS0001-15SA
11202021938, NA1ESZC019-21SB
11202021776, DA9BCJ0203-15SA
11202021776, DB2BCM0506-15SA
21060516, DA1ESTG017-17SB
11108516, NA1ESTU024-17SA
11108516, NA1ESZU029-17SA
11201922110, NA1MCTC011-15SB
11201922110, NA1ESHP004-13SB
11201921681, NA2ESTO902-17SA
11202021124, DA1BHQ0004-19SB
11201810545, DA1ESZC020-17SB
11201810545, DA1ESTG025-17SB
11201810545, DA1ESTG008-17SB
11202021862, DA1BCK0104-15SA
11202021862, NB1BCM0506-15SB
11202020269, DA1ESHC040-21SB
11058012, NB1ESTI003-17SA
11058012, DA1ESTA020-17SA
11058012, NB1ESTA005-17SA
11201922122, NB1ESTO903-17SB
11201810458, NB1BIN0406-15SA
11201810458, NA3BIS0003-15SA
11201810458, NA2ESTO011-17SA
11201721261, NA1ESTE028-17SA
11201721261, NA2ESTO004-17SA
11201722795, NA2BIN0406-15SB
11201722795, NA1BHO0102-15SB
11201722795, NA1ESHT019-17SB
11201722795, NA1ESZS004-17SB
11201722293, DA1ESTG007-17SB
11201722293, DA1ESTG010-17SB
11201722980, NA1ESTE015-17SA
11201722980, NA1ESTE017-17SA
11109213, NA1MCTD021-18SA
11109213, NA1ESTU020-17SA
11032915, NA1ESTU020-17SA
11032915, NA1ESTE015-17SA
11201722206, NA1BHQ0004-19SB
11201722206, NA1ESHP004-13SB
11201722206, NA1MCZB015-13SA
11202130777, DA1ESTO012-17SA
11201912021, DA1NHH2087-16SB
11201912021, DA1NHH2034-13SB
11201920308, NB1ESTO017-17SA
11201720468, DA1ESZI045-17SA
11201720468, NA1ESZI017-17SA
11092816, NA2BHO0102-15SB
11202020080, DA1NHZ6007-18SA
11201920448, NA1ESTG023-17SB
11201922161, NA1ESZG020-17SB
11201922161, DA1ESTG010-17SB
11201721402, NA1ESHC034-21SB
11044315, NA1ESZA007-17SB
11044315, NA1ESZS004-17SB
11202131852, DC2BCS0001-15SB
11202131852, NB1BIR0603-15SB
11202131852, NA1BCN0402-15SB
11202131852, NA1BIQ0602-15SB
11046816, DA1ESZU029-17SA
11046816, DA1ESTU023-17SA
11201722339, NA1MCZB015-13SA
11201722820, DA1ESTG011-17SB
11202020514, DB1BCS0002-15SA
11086815, NA1ESTO013-17SA
11086815, NA2ESTO004-17SB
11013615, NA1ESTO008-17SA
11202130736, NC3BIS0003-15SA
11202130736, NA2BIR0004-15SA
11202020343, NA1ESHR004-13SB
11094714, NB1NHT3069-15SA
11038715, DA1MCTD021-18SA
21065415, DA4BIS0005-15SB
21065415, NA1ESHT023-17SB
21065415, DB1ESTO012-17SB
11201920414, NA1ESHC031-17SB
11201920414, NA1ESHC026-17SB
11201922282, DA1ESTS007-17SB
11201721453, NA1ESHR008-13SB
11063215, DA1ESZB021-17SB
11063215, NA1ESTB010-17SB
11201722070, NA1MCTA017-17SA
11201722070, NA1BCN0407-15SA
11201722070, NA1MCTA002-17SA
11201932540, NA1ESTG005-17SB
11202131652, DA1ESZP034-14SB
11201811875, DA1ESTG019-17SB
11201811875, DA1ESZG013-17SB
11201811875, DA1ESZG041-17SB
11201811875, NA1ESZG006-17SB
11201811725, NA1NHH2073-18SB
11201811725, NA1NHZ2138-18SB
11201811725, NA2BHQ0003-15SB
11124515, DA1ESTG017-17SB
11066215, NA1ESZG020-17SB
11201810953, NA1ESHC034-21SB
11201810317, NA1ESZB004-17SB
11033516, NB1BCN0407-15SA
11033516, NA1NHT4001-15SA
11033516, NA1NHZ1027-15SA
11201920652, NA1MCZC008-13SB
11201920652, DA1MCTC011-15SB
11201810571, NA1ESHP026-14SB
11201920656, DA1ESTG006-17SB
21060415, DA1ESZB021-17SB
11052813, DA1MCTA025-13SA
11052813, NA1MCTA027-17SA
11052813, NA2MCTA017-17SA
11201720248, NB1NHT5013-15SA
11202021488, NA1MCZC008-13SB
11202021488, DA1ESZP034-14SB
11202130584, NC1BIS0003-15SB
11201810782, DA1ESZC013-17SB
11202021040, DA1NHI2049-13SA
21059415, DA1ESZC013-17SB
21059415, NA1ESZM031-17SA
11201811834, DA1ESTI003-17SB
11201921793, DB1BHQ0001-15SB
11073413, NA1ESTU037-17SA
11201920245, DA3ESTO902-17SA
11201920245, NB1ESTO017-17SA
11201920245, NA3ESTO903-17SA
11201811580, NA1NHT5013-15SA
11201811580, NA1NHT1030-15SA
11201811580, NA1ESZM027-17SA
11201720658, NA1ESZM037-17SA
11201811110, DA1ESTG006-17SB
11201811110, DA1ESZC020-17SB
11099916, NA1ESZU024-17SA
11201812035, DA1NHT4075-15SA
11201721728, NB1ESZG006-17SB
11201920123, NA1ESZG021-17SB
11202230251, DA1NHT3095-15SA
11202021559, NA3BIS0003-15SA
11202021559, NB3BIJ0207-15SA
11202130072, DB1BIN0406-15SA
11201810138, NB1BHO0102-15SB
11201810138, DA1ESZC020-17SB
11201810138, DB1ESZG013-17SB
11201810645, NA1NHT4041-15SA
11201932530, NA1ESTG005-17SB
11202020041, DA1NHI2049-13SB
11202020041, NA1ESHT021-17SB
11202020441, NA1BIQ0602-15SA
11027815, NA1ESTI005-17SA
11202232185, DB1BIL0304-15SA
11201811248, DA1ESZU019-17SA
11201810195, NA1ESZE078-17SA
11201921605, DA1ESTU007-17SA
11201921605, NA1ESTU023-17SA
11201921347, DA1ESZP034-14SB
11201721443, NA1ESHR007-14SB
11201721443, NA1ESHR025-14SB
21004115, NA1ESZC019-21SB
11201812151, NA1ESZT018-17SB
11018508, DA1ESTS012-17SB
11018508, DA1MCZB031-17SB
11202021234, NA3BIS0003-15SA
11201720790, DA1MCZB009-13SA
11201810291, DA1ESTA017-17SA
11202020287, DA1NHZ6007-18SA
11202020287, DB1BCS0001-15SB
11201921769, DB1NHT5013-15SA
11202111982, DA3BIS0003-15SA
11033013, DB1NHZ2099-16SA
11033013, NA1NHZ5023-18SB
11033013, DA1ESZU019-17SA
11201810010, NA1NHT1030-15SA
11103716, DA1ESZG041-17SB
11202111670, NA1NHZ2138-18SB
11201921874, NB1MCTA008-17SA
11201921874, DA1MCTA015-13SA
11201921874, NA2MCTA017-17SA
11202021110, NA1ESTU023-17SA
11201921071, DA1ESHT001-17SB
11202021642, NB1MCTB009-17SA
11201921422, NA1NHI2049-13SB
21085414, NA1ESTE019-17SA
21085414, NA1MCTB022-17SA
11111515, NA1NHH2009-13SB
11111515, NA1ESHP027-14SB
11202210102, DA1ESZP034-14SB
11202210102, DA1ESHR006-13SB
11201811352, NA1ESHP027-14SB
21074716, DA1ESHP018-14SB
21074716, DA1ESZT016-17SB
11202021020, DA1ESZB015-17SA
11202021020, NA1NHT1056-15SA
11202021020, DB3BCM0506-15SA
11036116, NA1BCK0103-15SA
11202020232, NA2BCS0001-15SA
11202020232, NA3BCJ0203-15SA
11201932589, NA1ESZE078-17SA
11201932589, DA1ESHT023-17SB
11201810035, NA1ESTU023-17SA
11201810035, NA1MCTB009-17SA
11202020933, DB1BIQ0602-15SA
11202021442, NA1ESHC031-17SB
11202021342, NA1ESTO005-17SB
11202131793, NA4MCTA028-15SA
11202131793, NB1ESTE035-17SA
11202022047, NA1ESHP022-14SB
11202022047, NA1ESHP013-13SB
11090815, DA1ESTG009-17SB
11085415, NA1NHZ3001-15SA
11085415, NA1NHZ1027-15SA
11085415, NA1NHT1057-15SA
21084616, DB4BIS0005-15SB
21084616, DA1MCZC021-20SB
21084616, DB1BHQ0003-15SB
11108515, NB1ESTU029-17SA
11201812044, DA1ESTO903-17SA
11202111144, NC3BIS0003-15SA
11202111144, NA2BCK0104-15SA
11202021736, NB2MCTA028-15SA
11032714, NA1ESTO016-17SA
11080516, DA1MCTA025-13SA
11039014, NB1BHO1102-19SB
11202022107, NA2BCK0104-15SA
11202022107, NB1BIR0004-15SA
11202022107, DA1NHI2049-13SB
11202022107, NA1BCN0402-15SB
11201822497, NB1ESTA019-17SA
11201822497, NA2ESTO903-17SA
11201822497, NA1ESTU023-17SA
11202021584, NC3BIS0003-15SA
11201811282, NA1MCTA014-15SA
11202232254, DB1ESTO013-17SA
11060915, DA1ESTA010-17SA
11060915, DA1ESTA004-17SA
11201722848, DA1ESTA017-17SA
11201722848, NA1ESZA007-17SB
11020316, DA4ESTO903-17SA
21022613, DA1ESTS005-17SB
21022613, NA2ESTS010-17SB
21022613, NA1ESTO013-17SB
11201920728, NA1BCM0506-15SA
11202020998, NA1BCN0405-15SB
11202130107, DA1NHT1030-15SA
11202131773, NA3BIL0304-15SA
11202111163, DA1BCM0506-15SB
11017616, NA1NHT1048-15SA
11201822410, DA1ESTO016-17SA
11201822410, NA3MCTA028-15SA
11201811268, NB1BCS0002-15SB
11202021505, DA1ESTO013-17SA
11076814, DB1MCTA008-17SA
11076814, DA1MCTA027-17SA
11076814, DA1MCTA017-17SA
11076814, DA1NHZ5019-15SA
11201932478, DC4BCS0001-15SA
11202021277, NA1ESHR004-13SB
11201722034, NA1ESZE104-17SA
11201722302, NA2ESTO004-17SA
11202022108, DA1ESHT007-17SB
11201812181, DA1NHZ1009-15SA
21027813, NB1NHT5013-15SA
21027813, NA1ESZM031-17SA
13201812200, NA1ESHP018-14SB
11201921285, DB1NHT5013-15SA
11202020158, NA1BIQ0602-15SB
11202111798, DA1BIQ0602-15SA
11202111798, DA3MCTA028-15SA
11202111798, DB1BIR0603-15SA
11201921191, DA1NHZ3094-22SA
11201810361, DA1NHZ2091-16SB
11201810361, DA1LHZ0026-19SB
11201810361, DB1ESTU025-17SA
11201822545, NA1MCZB015-13SA
11201822545, NB2ESTO013-17SA
11202020530, NA2BIR0004-15SA
11202020530, DA1BCM0506-15SA
11202020530, NB3BIS0003-15SA
11201720512, NA1ESZU036-17SA
11064509, NA1NHT3070-15SA
11064509, NA1MCTB001-17SA
11105915, DA1MCTA028-15SA
11105915, DB1ESTU029-17SA
11105915, DA1ESTI013-17SA
11201721564, NA1MCTA027-17SA
11201721564, DA1MCTA008-17SA
11201721564, DA1MCTA025-13SA
11201721564, NA2MCTA017-17SA
11068015, NC1NHT5013-15SA
11068015, DA1NHI5011-13SA
11201722259, NA1ESZE078-17SA
11202022040, DB1BHO0001-19SB
11018516, NA2MCTB001-17SA
11018516, NA1MCTA025-13SA
11018516, DA1MCTA002-17SA
11018516, NB1ESTO017-17SA
11018516, NA2BCK0104-15SA
21079515, NA1MCTB022-17SA
11201811246, NA1MCTB009-17SB
11202020946, DB1ESZG013-17SB
11202020946, DA1ESTO902-17SA
11202020946, NA1ESTA014-17SA
11201822520, DA1ESHR004-13SB
21062512, NA1ESTB018-17SB
21062512, NA1ESTA002-17SB
11201811734, NA1ESHT005-17SB
11201921136, NA1ESZC013-17SB
11201921136, NA1ESHP004-13SB
11201811739, DA1ESTA019-17SA
11201811739, DA2MCTA002-17SA
11201811739, DA2MCTA037-17SA
11201811739, DA1MCTA014-15SA
11201811739, DA1MCTA004-17SA
11201812227, DA1ESHC020-17SB
11201921535, DA1MCTA037-17SA
11201921535, DA1NHZ5020-15SA
11201921535, DA1ESTE037-17SA
11201920562, NC1BIL0304-15SB
11201920562, NB2BIN0406-15SB
11201921666, DA1ESTU026-17SA
11201921666, DA5ESTO903-17SA
11053014, NA1ESTE019-17SA
11202131941, NA1BCN0402-15SB
11202020679, NB2ESTO012-17SB
11202020679, NA1ESHR018-13SB
11201921969, NB1BCM0506-15SB
21070816, NA1ESHP018-14SB
11073011, DA2ESTO004-17SB
11201811612, NA1ESZE031-17SA
11201811612, NB2MCTA028-15SA
21062016, NA1BHQ0004-19SB
11083814, NC1NHT5013-15SA
11083814, NA1ESTE034-17SA
11083814, DA1ESZU031-17SA
11202021765, DB1ESZG013-17SB
11202021765, DB1BIN0406-15SB
11202021765, DB1ESTO012-17SB
11201810266, NA1ESTI019-17SA
11201720134, NA1ESZU029-17SA
11201720148, NB2BCK0104-15SA
11202021306, DA1MCZD005-18SA
11202021306, NB1BCL0307-15SB
11201921010, NA1ESHC026-17SB
11201921010, NA1ESHC028-17SB
11201921010, DA1ESHC008-21SB
11201921010, NA1BCN0402-15SB
11119111, NA1MCTA017-17SA
11119111, NA1MCTA025-13SA
11201920937, NA2BCM0505-15SA
11201920937, DA5ESTO903-17SA
11202020325, NA1BIQ0602-15SA
11202020325, NB1BIR0004-15SA
11201812223, NA1ESHP018-14SB
11201922348, NA1ESHC035-21SB
11201811300, NA1ESZI017-17SA
11201811300, DA1NHZ5019-15SA
11202210033, NA4BIS0003-15SA
11201812249, NA1NHZ3001-15SA
11201720082, NA1ESTS010-17SB
11201822548, NA1ESHC034-21SB
11201812166, NA1BCN0407-15SA
11202020868, NA1MCTB009-17SB
11202022164, NA1ESHC040-21SB
11202022164, NA1ESHC039-17SB
11202022230, NA1ESHC026-17SB
11202020429, DB1BCN0405-15SB
11201810025, NB1ESTG022-17SB
11201920558, NA1ESHP022-14SB
11101316, NB1BCM0506-15SB
11101316, NA1ESTO004-17SA
11101316, NA4ESTO001-17SA
21053314, NA2BHO0102-15SB
11202130312, NA1BIN0406-15SB
11201722025, NA1ESTO016-17SA
11201722025, NA1ESTM004-17SA
11201722025, NA1NHZ3001-15SA
11201922619, NA1ESTO903-17SB
11201922619, NA1MCTB009-17SB
11201921507, DA1MCTA014-15SA
11201920587, NA1NHZ6001-18SA
11201920587, NA1ESTU025-17SA
11201922137, NA1ESTU023-17SA
11201810337, NA1ESHP022-14SB
11201810337, NA1BHP0202-15SB
11202020079, NA1BIQ0602-15SA
11202020079, NA1NHZ6001-18SA
11201810701, NA1ESHP027-14SB
11201921613, NA1ESZE078-17SA
11201822547, NA1ESHP026-14SB
11202131396, NA2BIR0004-15SB
11201811042, NA1MCZA006-17SA
11201722718, NA1MCZC008-13SB
11201810914, DA1ESTS005-17SB
21054116, NB1ESTA019-17SA
21054116, NA1MCTA027-17SA
21054116, NA2MCTA025-13SA
11201811290, NA1MCTB026-17SA
21001216, NA1ESTE015-17SA
21001216, NA1ESTE034-17SA
11201822476, NB1BIQ0602-15SA
11201822476, NA1BHO0002-19SB
11201822476, NA2BIR0603-15SB
11202111737, DA1BIL0304-15SA
11202111737, DA1BIR0004-15SA
11202111737, DC3BIS0003-15SA
11128711, NA1NHI2049-13SA
11201722636, NIESZS035-17SB
11202020569, NB1BIQ0602-15SA
11015315, NA1ESTA002-17SB
11029216, DA1ESTA016-17SA
11029216, DB1ESTO008-17SA
11201721058, NA1ESHP026-14SB
11201721494, NA1NHI2049-13SA
11201822391, DA1BCM0506-15SB
11201822391, DA1MCTB001-17SB
11201822391, DA1MCTB009-17SB
21010816, DA1ESZI045-17SA
21010816, NA1ESZG020-17SB
21010816, NA1MCZC008-13SB
11037012, DA1ESZM025-17SA
11201810034, NA1LHE0002-19SB
11201723111, NB1BCN0407-15SA
11201723111, NB3BCJ0205-15SA
11201723111, NA3BIS0003-15SA
21044512, NA2ESTS010-17SB
11202020708, DA2BCN0405-15SA
11202021153, DA1ESZC013-17SB
11202020641, NA1BIQ0602-15SB
11201811062, DA1ESTE037-17SA
11202111630, NA1BHQ0004-19SB
11202020610, NA1MCTA037-17SA
11202021984, DB2BCJ0203-15SA
11009716, NB1BCN0405-15SA
11202020802, NA2MCTA037-17SA
11201721126, NA1ESZI026-17SA
11202021486, NA2ESTO013-17SB
11201811975, NA1ESZB015-17SA
11047216, NA5BCJ0203-15SA
11201720100, NA2MCTA004-17SA
11201720080, DA1ESTS004-17SB
11201722231, NA2MCTA028-15SA
11202111301, DA1BHO0102-15SB
11201811484, NA1ESZE031-17SA
11201722756, NA1ESTI016-17SA
11201722756, NA4ESTO001-17SA
11201921008, NA1ESHC034-21SB
11202020680, NA1NHT1053-15SA
21081916, DA1LHZ0026-19SB
11201810075, NA1MCZC021-20SB
11201921477, NA1BIN0406-15SB
11201921477, NA1ESHC040-21SB
11201921477, NA1ESHC032-17SB
11201921477, NA1ESHC031-17SB
11201932555, DA1ESZU029-17SA
11202232282, NA1ESHR025-14SB
11202130256, NA1ESZE104-17SA
11201920708, NB1ESTS001-17SB
11201812117, NA1ESTO902-17SA
11202130293, NA1NHZ6001-18SA
11201722251, NA1ESZG020-17SB
11201721924, NA1ESTS018-17SB
11201721924, NA1ESZS004-17SB
11201920919, NB1BHQ0004-19SB
11201920919, NA1BHO1102-19SB
11201920549, NA1ESTO015-17SA
11201920549, NA1MCTB007-17SA
11201722970, NA1ESZM027-17SA
11201920436, NB1BCK0104-15SA
11202111304, DB1BIN0406-15SB
11201722364, NB1NHT5013-15SA
11201721973, NA1MCTA004-17SA
11201920179, NA1ESTE015-17SA
21039210, NA1BHO1102-19SB
11201822519, NA1ESTE028-17SA
11201822519, NA1ESTO017-17SA
11201921719, DC1BIK0102-15SB
11201921719, NA1BCN0407-15SB
11201921719, NA1BCK0104-15SB
11202021507, DA1MCTA014-15SA
21081113, DA1ESHR025-14SB
21081113, NA1BHO1335-15SB
11201810556, NA1MCTB001-17SA
11202022232, NA1ESTI007-17SA
21035914, NA1MCTA025-13SA
11201920793, NA1NHZ6001-18SA
11202232239, NA2ESTO903-17SA
11202022036, NA1ESHC030-17SB
11201921114, NA1NHT4041-15SA
11202020921, DA1MCTA028-15SA
11202020196, DA1NHI2049-13SA
11201920799, NA1BIN0406-15SB
11202020568, NA1MCZB031-17SB
11201722246, NA1NHT4075-15SA
11202021312, DB3BCJ0205-15SA
11202021312, DB1ESZG013-17SB
11201811769, NA1NHZ3010-15SA
11202131729, DB2BCN0405-15SA
11201722167, NA1ESHC035-21SB
11201921455, NA1ESHT010-17SB
11018515, NB1ESTI003-17SA
11202020635, NC4BIS0003-15SA
13201910018, NA1ESHP004-13SB
11201722230, NA1MCTA008-17SA
11201922378, NA1ESHC035-21SB
11201922378, NA1BHP0202-15SB
11201920271, NA1ESHT005-17SB
11202020403, NA1ESHP007-13SB
11202020403, NA1ESHP022-14SB
11202021813, NB2ESTO012-17SB
11201921604, DA1ESTA020-17SA
11201920723, NBESTO012-17SB
11201720190, NA1NHZ1027-15SA
11201920697, NA2BHQ0003-15SB
11202021158, DA1BCS0002-15SB
11201932592, NB2ESTO013-17SA
11201932592, NB2MCTA028-15SA
11201932592, NB1ESTO011-17SA
11202130512, DB1BCS0002-15SB
11202130512, DA1MCTC011-15SB
11202022080, NA1ESHR026-14SB
11202111309, DB1ESTO012-17SB
11202210087, DA1ESHR018-13SB
11202020194, DA1ESHR025-14SB
11202130518, DA1BCN0407-15SB
11202130522, NA9BCJ0203-15SA
11201810181, NA1ESZG021-17SB
11201812131, NA1ESTG022-17SB
11201921886, NA1ESHR018-13SB
11201921886, NA1NHI2049-13SB
11201921886, DA1ESZT016-17SB
11201921886, DA1MCZC008-13SB
11201723013, DB1ESTO013-17SA
11201723013, NA1BCN0405-15SA
11202020515, NA1ESTU011-17SA
11201922293, NA1ESHT010-17SB
11201920244, NA2ESTO001-17SA
11201723066, NA1MCZA006-17SA
11201720710, DA1LHZ0026-19SB
11201720710, NA1ESHP018-14SB
11202021503, DA1ESTB010-17SB
11202022210, DA2ESTO902-17SA
11202130405, NA2BHO0102-15SB
11202020305, NA1ESZB015-17SA
13201812300, DA1NHI5001-15SB
13201812300, DA1NHZ5023-18SB
11202020220, NA1ESHR025-14SB
11202020220, DA1ESHP004-13SB
11091316, NC1NHT5013-15SA
11201822422, NA3BIJ0207-15SA
11202020579, DB1BHO0001-19SB
11202020579, DA1ESHC008-21SB
11202130473, DA1BCM0506-15SB
11202130473, DAESTO012-17SB
11201720666, NA1NHZ6001-18SA
11201720666, NA1MCZC008-13SB
11201720666, NA1MCTC022-15SB
11202131507, NB1BIQ0602-15SA
11202020525, NA4BIS0003-15SA
11202111654, NA1ESTO011-17SA
11202111654, NB2BCM0506-15SA
11202130772, NB1BCM0506-15SA
11201920167, NA1NHZ6001-18SA
11201920351, NA1BCN0405-15SA
11202020322, DB1ESTO012-17SB
11202020457, DC7BCS0001-15SA
11109015, DA1NHI2049-13SB
11201921369, DA1ESZG041-17SB
11201921369, NA4ESTO001-17SA
11201922268, DB4BIS0005-15SB
11201922268, NB4BIS0003-15SA
11112516, DB1ESTO012-17SA
11112516, NB1ESTA014-17SA
11031116, NA1NHT3089-15SA
11202131753, DB6BIS0005-15SB
21074915, NA1ESZG043-17SB
11201920230, NA1MCTD023-18SA
11202232301, DA1MCTC023-15SB
11124815, NB1MCTA028-15SA
11201810132, NA1MCZC011-15SB
11201810132, NA1ESTE027-17SA
11201810132, NA1ESTO017-17SA
11201810132, NA1ESZA006-17SA
11202130710, DA1ESHP007-13SB
11202130710, DA1ESHP013-13SB
11202232284, DA1NHZ5020-15SA
11094116, NA1MCZA030-17SA
11202021830, NA4BIS0003-15SA
11201812082, NA1ESHC020-17SB
11201812082, DA1ESHT023-17SB
11201812082, NA1ESHR007-14SB
11201722904, NA1BHS0005-19SB
11202021025, NA2ESTO013-17SB
11202020037, NA1ESHC020-17SB
11201722719, NA1ESZG020-17SB
11202021079, NC3BIS0003-15SA
11201920495, DA1ESTG010-17SB
11202021506, NA1BIN0406-15SA
11201932505, DA1BHO0001-19SB
11201932505, NA1ESHR006-13SB
11201810320, NA1ESZG021-17SB
21039915, NA1ESTG020-17SB
11201812343, NB1ESTO008-17SA
11201812343, NA1ESTM004-17SA
11201822389, NA2BCK0104-15SA
11201822555, NA1ESTG014-17SB
11201922413, NA1ESTG005-17SB
11201921618, NA1NHZ1027-15SA
11202111049, DA1BIN0406-15SA
11202111049, DA3BCJ0205-15SA
11201920680, NB1MCTA028-15SA
11201920680, NA1ESTU023-17SA
11202111050, DC3BIS0003-15SA
11201811787, NB1BCS0002-15SB
21006516, NA1MCTC022-15SB
11202210088, DA1ESZT016-17SB
11202020567, DA1NHT1068-15SA
11202021304, NA1ESHP004-13SB
11201921102, NA1ESTO005-17SB
11098312, NIESZS035-17SB
11201921649, NA1ESHC008-21SB
11019516, DA1ESZG013-17SB
11097815, NA1ESTM004-17SA
11097815, NA1ESTO017-17SA
11097815, NA1ESTO008-17SA
11097815, NA3BIN0406-15SA
11201812057, NA1BHS0005-19SB
11201822411, DA1ESTA017-17SA
13201812194, NA1BHS0005-19SB
11201822415, DA1ESTG009-17SB
11201722587, NA1ESHC030-17SB
11201922157, NB1MCTB009-17SA
11068916, NB1BCK0103-15SA
11202131407, DC7BCS0001-15SA
11019215, DA1ESHC032-17SB
11019215, DA1ESHC020-17SB
11019215, DA1ESZP034-14SB
11202021991, DA1ESTB030-17SB
11202021991, NB1BCM0506-15SB
11201811884, NA1BHO1102-19SB
11201920867, DA1MCTA037-17SA
11202021993, DA1MCTA014-15SA
11202021993, DA1MCTA027-17SA
11202022196, NA1ESZS004-17SB
11202022196, NA1BCK0104-15SB
11201921449, DB1BIR0603-15SA
11201921449, NA1BCK0104-15SA
11202021410, NA1MCZC001-20SB
11202021410, NA1BHO0102-15SB
11202210063, NB1BHO1102-19SB
11202131404, NA1BIN0406-15SA
11201722295, DB1ESTO903-17SB
11202021453, DA1MCTA028-15SA
11201921774, NB1ESTO011-17SA
11202021994, DA1MCTB001-17SA
11202021994, DA1BCN0405-15SA
13201910009, NA1ESHC032-17SB
21027412, NB1ESTO008-17SA
21027412, NA1ESTU029-17SA
11202111055, NA1BIQ0602-15SB
11202111055, NA1BHO1335-15SB
11202111055, NA1BHP0202-15SB
11202111055, NA1BHS0005-19SB
11202111057, NC4BCS0001-15SA
11202111057, NB2BCJ0205-15SA
11202111058, NA1ESHR007-14SB
11201912414, DA1MCTA037-17SA
11201811663, DA1MCTA004-17SA
11201811663, DA1MCTA027-17SA
11201932468, NC1BIK0102-15SB
11201811550, NA1ESZG006-17SB
11201811550, NB1MCTB009-17SA
21074715, NA1ESHP007-13SB
11202021010, NB1BIN0406-15SA
11202021010, NA5ESTO903-17SA
11201810913, DB1BIQ0602-15SA
11201810913, DA1BIR0004-15SA
11201810913, DC3BIS0003-15SA
11201920133, NA1ESTM004-17SA
13201910002, DB2BIN0406-15SA
13201910002, NA1BCJ0205-15SA
11201921574, NA1BCN0407-15SB
11201921574, NA1BCN0405-15SB
11201921574, NA2BCJ0203-15SB
11201921574, NB3BIS0003-15SA
11202232222, NC3BIS0003-15SA
21043416, NA1ESTS018-17SB
21043416, NA1ESTG014-17SB
21043416, NIESZS035-17SB
11201720916, NA1ESTM008-17SA
11201720916, NA1ESZM037-17SA
11202021282, DB1ESTO012-17SA
11202111801, NA1ESTO006-17SA
11202111801, NA1ESTA020-17SA
11202021122, DA1ESTG010-17SB
11202020898, NA1BCK0104-15SA
11202020898, NB2ESTO013-17SA
11201921355, NA1ESZT016-17SB
11201921355, NA1BHO0102-15SB
11201822477, NA2BHQ0003-15SB
21038216, DA1ESZP034-14SB
11201920613, NB1BCM0506-15SA
11201822523, NA1MCTB026-17SA
11201822523, NB1NHT4041-15SA
11201822523, NA2BCK0104-15SA
11201922368, DA1BCK0103-15SA
11201811674, NA1ESZU029-17SA
11201811674, NA4ESTO001-17SA
11201720664, NA1BCN0407-15SA
11201721080, DA1MCTA004-17SA
11201822553, DA1ESTA017-17SA
11201822553, NA1ESTO015-17SA
11201721374, NA1ESZM031-17SA
11201722301, NA1MCZA006-17SA
11202111063, NB2BIN0406-15SB
11077914, DA6BIS0005-15SB
11201920627, NA1ESZE104-17SA
11202021242, NB1MCTA028-15SA
21051416, NA1NHI2049-13SB
21051416, NA1MCTC011-15SB
11202021700, NA1ESTO013-17SA
11202021700, NA1MCTB023-17SA
11202021700, NA1ESTA020-17SA
11202020750, DA2BCM0505-15SA
11202020255, NA1MCZC011-15SB
11201921066, NA1NHT3054-15SA
11201720514, NA1MCTD010-18SA
11201723050, NA1MCZA006-17SA
11202022237, NA1BCJ0205-15SA
11201921803, NA1MCTC022-15SB
11202210037, NA1BHP0202-15SB
11201722529, NA1ESTM010-17SA
11201810860, NA1BHO0101-15SB
11201810860, NA1NHZ2138-18SB
11202022198, NA1BIQ0602-15SA
11202022198, NB3BIS0003-15SA
11201810675, DA1NHZ1027-15SA
11201920756, NA1ESHR004-13SB
11201932583, DA1BHO0101-15SB
11201932583, DB1BHO1102-19SB
11201932583, DA2BHQ0003-15SB
21055816, NA1ESZC013-17SB
11202112052, NC3BIK0102-15SA
11201722333, NA1MCTD023-18SA
11201722333, NA1MCTB022-17SA
11201722333, NB1ESTI003-17SA
11202131450, DA3ESTO902-17SA
11202111065, NBESTO012-17SB
11202130611, NA1BCN0405-15SB
11201921996, NA1ESHT005-17SB
11201812008, NA1ESTO013-17SB
11201812008, NA1ESHC028-17SB
11201812008, DA1BIN0406-15SB
11202021120, NB1ESTO011-17SA
11201811132, NA1ESZE090-17SA
11201810137, NA1BCJ0203-15SA
11201810137, NB1BCM0506-15SA
11019015, NA1ESZE031-17SA
11019015, NA1ESTI003-17SB
11019015, NA1ESTA020-17SA
11201920610, DA4ESTO902-17SA
11202020885, NA1ESHP018-14SB
11202020885, NA1ESHP022-14SB
11201810692, NA1ESZU016-17SA
11202021992, NA1ESHR017-13SB
13201910030, NBESTO012-17SB
11201810176, NB1BIR0603-15SA
11201810176, DA2BCJ0203-15SA
11202131454, NA1BIJ0207-15SB
11201921966, DA1ESHC026-17SB
11202021723, NA1ESHC002-17SB
11201920609, NA1ESTB018-17SB
11201920609, DA1ESZB026-17SB
11201920609, NA1ESTB002-17SB
11201932594, NA2MCTB001-17SA
11201932594, NA1ESTA014-17SA
11201932594, DB1NHZ6001-18SA
21021813, DA1ESHR025-14SB
11201722458, NB1NHT1084-16SA
11201722458, NA1ESTI005-17SA
11201722458, NA2ESTU026-17SA
11201722458, NA1NHT3054-15SA
11201920846, DA2ESTO013-17SA
11202020161, NA1ESHC008-21SB
11201811386, NA2MCTA028-15SA
11201811386, NA4BCJ0203-15SA
11201812115, NA1ESHC032-17SB
11201811274, NA1MCTA027-17SA
11201811274, DA1MCTA014-15SA
11202022027, NA1ESHR026-14SB
11202022027, NA1ESHC028-17SB
11202130081, NB1BCJ0205-15SA
11021515, NA1MCTB017-13SA
11021515, NA1MCZB028-13SA
11201721983, NB1ESTO008-17SA
11201721983, NB1ESTA014-17SA
11201721172, NA1ESTO903-17SA
11074515, NB1ESTE035-17SA
11202020192, DA1ESHT005-17SB
11202020192, DB1ESZG013-17SB
21032815, NA2ESTO013-17SB
21032815, NA1ESHC039-17SB
21032815, NA1ESHR018-13SB
21001515, NA1ESTO006-17SA
21001515, NB1ESTU029-17SA
11202210110, NA1NHT1064-15SA
11080114, NA1ESTA022-17SA
11080114, NA1ESZE076-17SA
11080114, NA1ESZE073-17SA
11201722439, DA1MCTA014-15SA
11201721311, NA2ESTE019-17SA
11201722335, DA1ESTO903-17SB
11201722335, NA1ESZA007-17SB
21087816, NA1BHO0102-15SB
21087816, NA1BHO1335-15SB
11202020404, NA1NHT1070-15SA
11201920945, DA1NHT1056-15SA
11201920945, DA1NHT1048-15SA
11201811335, NA1BCN0407-15SA
11201811335, DB1MCTB009-17SA
11202022294, NA1ESZA007-17SB
11202021176, DA1MCTA037-17SA
11003316, NA1MCZC011-15SB
11202021003, DA1NHI2049-13SA
11201920471, NA1BCM0506-15SB
11201920878, NA1NHT5013-15SA
11201811861, NA2MCTA004-17SA
11202131861, NA1BIQ0602-15SA
11202131861, NA1NHZ2099-16SA
11201810490, NA1ESZU024-17SA
11201810490, NA4MCTA028-15SA
21068513, DA1NHZ2091-16SB
21068513, NA1ESHP026-14SB
21068513, DA1ESHP004-13SB
11201922185, NA4ESTO903-17SA
11202130019, NA1BIR0603-15SA
11201822423, NA1ESZM040-17SA
11202130025, NA2ESTO011-17SA
11201921923, DA1ESTO902-17SA
11201921923, NA1MCZC008-13SB
11202131527, DA2MCTC023-15SB
11202020344, NA1ESHR006-13SB
11202130978, NA1ESHP013-13SB
11202130978, NA1ESHP004-13SB
11201921647, DA1MCZC021-20SB
11201921647, DB1NHZ6001-18SA
11202022124, NA1BCL0307-15SA
11201811832, DB1BCS0002-15SB
11202020168, DB2ESTO006-17SA
11202021542, NA2BIN0406-15SA
11202130064, DB1BIR0603-15SA
11201921593, NA1ESHR017-13SB
11201921593, NA1ESHR008-13SB
11201810447, NA1MCTA014-15SA
11202130159, NB1BIK0102-15SB
11202130159, DB1BHQ0004-19SB
11201920164, DA1BIR0603-15SB
11202130196, DB1ESTO012-17SB
11202021899, DA1NHI2049-13SA
11202021899, DA1MCTA014-15SA
11201810239, NA1ESZU024-17SA
11201810179, NA1ESZU016-17SA
11201811100, NA1NHT1030-15SA
11201921699, NA1ESHP004-13SB
11202131451, DA1ESZU017-17SA
11202020913, NA1MCZC021-20SB
11201920718, NA1BCN0402-15SB
11014413, NA1ESTE028-17SA
11201822455, NA1NHZ6007-18SA
11202210066, DA1MCZC008-13SB
11202130275, NA2ESTO011-17SA
11201810726, NA1MCZC011-15SB
21042715, DA1ESHR007-14SB
21042715, DA1ESHR002-13SB
11131611, NA1ESZI017-17SA
11201811601, NA1ESHR006-13SB
11026416, NA1ESTB007-17SB
11201811404, NA2BHQ0003-15SB
11202022238, NA1BHO0102-15SB
11202022238, NA1BIR0603-15SB
11101616, NB1ESTI002-17SA
11101616, NA1ESZI028-17SA
11202111077, NA1LHZ0023-19SB
11202130992, DA2BIR0004-15SB
11202130992, DIESTS003-17SB
11202232261, NA1NHZ5023-18SB
11202020571, NA1ESZT016-17SB
11202020571, NB1BIR0603-15SA
11202020571, NA1BIN0406-15SA
11202020571, NA1BCN0402-15SB
11202020571, NA1ESHT001-17SB
11201932609, NA1ESTA020-17SA
11201722524, DC1BCL0307-15SA
11201722524, NB1BIN0406-15SB
11201722524, DA1BCM0506-15SA
11099016, NB1BCN0407-15SA
11099016, NB1BCN0405-15SA
11099016, NB1NHT4041-15SA
11105515, DA1BCN0402-15SB
21087014, DA1ESZS004-17SB
11201922113, NA1ESHR008-13SB
11201921821, NB1BCN0407-15SA
11201921821, NA1ESTA014-17SA
11088315, NA1NHT4075-15SA
11202210049, NB1BHQ0001-15SB
21046416, DB1BCS0002-15SB
21046416, DIESTS003-17SB
11202021569, NA1ESHR007-14SB
11202021569, DA1ESHR006-13SB
11201920118, NA1ESHP018-14SB
11201811899, DA1MCTA002-17SA
11201811899, NA1MCTA017-17SA
11201811899, DA1ESZI043-17SA
11201811899, DA1MCTA014-15SA
11201811899, NA1MCTB009-17SA
11201920142, NA1ESTA019-17SA
11202131468, DA9BCJ0203-15SA
11063216, NBESTO012-17SB
11202021331, DA1ESZC020-17SB
11008515, NA1ESZG006-17SB
11201921680, NB1BCL0307-15SB
11201921680, NBESTO012-17SB
11201920195, DA1MCTA037-17SA
11201922311, DA1ESHC031-17SB
11202021154, NB6BIS0005-15SB
11202021154, NB3BIS0003-15SA
21083314, NA1ESHT005-17SB
21083314, NA1NHH2034-13SB
11202130437, NC3BIS0003-15SA
11201921872, DA1ESTO902-17SA
11202130476, DA1ESTO012-17SA
11202130477, NA3BCJ0205-15SA
11202130477, NA1NHH2087-16SB
11201810222, DB1BIN0406-15SA
11202021367, NB3BCJ0205-15SA
11201722771, DA1ESTE037-17SA
11201722771, DA1BCN0407-15SB
11201722771, NA1ESTE015-17SA
11004415, DA1MCTA017-17SA
11004415, DA1MCTA027-17SA
11202022214, NA1ESHR018-13SB
11202021515, NA1ESHC032-17SB
11201722082, NA1ESZC013-17SB
11201921634, NA1ESTM009-17SA
13201910017, NA1ESHC032-17SB
13201910017, NA1ESHC040-21SB
11202020107, NA1BHO0101-15SB
11202020107, NB1BHQ0004-19SB
11021116, NA1MCZB031-17SB
11201720180, DA1NHZ5019-15SA
11201921394, NA1ESHR018-13SB
11201810864, NB1ESTO008-17SA
11201810864, DA2BCS0002-15SA
11201921990, DA1MCTA028-15SA
11202021221, NA3BCJ0205-15SA
11201810156, NA2BIR0004-15SA
11201810156, NA2BCK0104-15SA
11201810156, NA2MCTA004-17SA
11201920261, NA2MCTA004-17SA
11201920261, NA1ESZI026-17SA
11201721573, NA1ESTA016-17SA
11201921877, NA1ESHT021-17SB
11201810847, NA1ESTM008-17SA
11202021629, NBESTO012-17SB
11202020758, DA1BCS0002-15SB
11202020421, NA1ESHC031-17SB
11202020421, NA1ESHR004-13SB
11202020421, NA1ESHC035-21SB
11201822456, NA1ESTG022-17SB
11201822456, NA1ESZG021-17SB
11201812168, NA1MCTA014-15SA
11201812168, DA1MCTA004-17SA
11201721054, NA1NHZ1027-15SA
11201721054, NA1NHZ6007-18SA
11201721054, NA1ESZB015-17SA
11202020252, DA2MCTA037-17SA
11202020252, DA1MCZA010-13SA
11047316, DB1BCM0506-15SA
11047316, DC3BIS0003-15SA
11202020183, NA2BCS0001-15SA
11201932568, NB3BIJ0207-15SA
11201920323, DA1BIJ0207-15SA
11202130604, DB1BCN0405-15SA
11201921711, NA1NHZ5023-18SB
11201721800, DA1BCN0402-15SB
11111715, DA1ESTU023-17SA
11201723020, NA1MCTD023-18SA
11201921823, NB1MCTA028-15SA
11201812056, DA1MCZA010-13SA
11201812056, DA1ESZU036-17SA
11201822429, NA2ESTO001-17SA
11201822429, NB1BCN0405-15SA
11201822506, NA1BHQ0004-19SB
11201922000, NA1ESTO004-17SA
11201921062, NA1NHZ5020-15SA
21047713, NA1BCK0103-15SB
21047713, NA1ESTA002-17SB
21047713, NB1BCK0104-15SB
21047713, NA1MCTB009-17SB
21002816, NA1BHO0102-15SB
21002816, NA2BHQ0003-15SB
11201811668, NA1ESTB018-17SB
11042816, NA1ESZI028-17SA
11202130606, NA5BIS0005-15SB
11201822424, NA1NHZ6007-18SA
11202021793, DA1MCTB001-17SA
11202021793, DA1ESTE030-17SA
11201922215, DA1NHZ5020-15SA
11201920397, DA1NHI2049-13SB
11201920397, DA1MCTA002-17SA
21040515, NB2ESTO012-17SB
11046108, NA1ESTE017-17SA
11057616, NA1BHO0101-15SB
11057616, NA1BHO1102-19SB
11201921134, NA3BIS0003-15SA
11201921134, NC3BIK0102-15SA
11201921134, NA1ESTA020-17SA
11093811, DA1ESHC030-17SB
11201921893, NA1MCTC022-15SB
11202131492, DA1BCN0402-15SB
11202131494, NA1BIR0603-15SB
21053115, DA1ESZA005-17SA
11201810445, DB1NHZ6001-18SA
11202232276, DB1BHO0001-19SB
11202232276, DA1ESZP034-14SB
11202021876, NA1ESZG021-17SB
11202130144, NB1BIR0004-15SB
11202130144, DA2ESTO902-17SA
11201811751, NB2BCM0506-15SA
11202020454, NB4BIS0003-15SA
11202021977, NA1BIJ0207-15SB
11202130099, DA1BIR0004-15SB
21057015, NA1LHZ0023-19SB
11201920181, NB2ESTO012-17SB
11201721088, DB1BCS0002-15SA
11201721088, DC3BIS0003-15SA
11201721088, NA1BCK0103-15SA
11201721088, NB1BCK0104-15SA
11201721088, DA1BCM0506-15SA
11201812218, NA1ESTM008-17SA
11201922284, NA1NHZ6001-18SA
11202130414, DB1ESTO012-17SA
11201810014, DA1MCTA015-13SA
11201721522, NA1MCTB001-17SA
11201721522, DA2ESTO903-17SB
11201721522, DA1ESTI007-17SA
11201721522, NB1ESTI003-17SA
11201721522, NA1ESTI019-17SA
11202020250, NA1ESZU029-17SA
11202020250, NA1NHT1048-15SA
11201920788, NA1ESTU023-17SA
11201920788, NA1ESTU032-17SA
11201812348, NA1ESHC030-17SB
11201812348, NA1BHQ0004-19SB
11201812348, NA1NHI5001-15SB
11052812, NA1NHZ3001-15SA
11052812, NA1ESTO008-17SA
11201720394, DA1NHZ5020-15SA
11201720394, DA4ESTO902-17SA
11201720394, DB1ESTO903-17SB
11201720394, NA1ESTB022-17SB
11201720394, DA1ESTI007-17SA
11100013, NA1MCTA017-17SA
11067614, DA1ESZM030-17SA
11067614, NA1ESZM040-17SA
11201921656, NB1BCS0002-15SB
21042416, DA1ESTB010-17SB
21042416, NA1MCTB009-17SB
11202021680, DA1BIS0005-15SB
11201920285, NA1ESZC013-17SB
11201920285, NA1ESHC034-21SB
11202021300, DA1NHZ5020-15SA
13201723212, NA1ESHC040-21SB
11201723104, DA1ESTG009-17SB
11201723104, NA1ESZG006-17SB
11201723104, DA1ESZG041-17SB
11202131504, NC3BIS0003-15SA
11202111099, NB2BIR0004-15SB
11201810451, NA1ESHC034-21SB
21060713, DA1ESTS012-17SB
21060713, DA1ESTI003-17SB
11076015, NA1MCZB015-13SA
11076015, NA1MCTA017-17SA
11201922313, NA1BIQ0602-15SB
21036711, NA1MCTC011-15SB
21036711, NA1ESHP018-14SB
13201723211, NA1ESZA007-17SB
11202111872, DA1NHZ6011-18SA
11201921709, NA1MCZC021-20SB
11202131512, NC3BIS0003-15SA
11202131512, NA3BIL0304-15SA
11201722410, NA1ESTI007-17SA
11201722410, NA1ESZI028-17SA
11202131511, DA1ESZC020-17SB
11201720866, NA1NHZ5020-15SA
11201720866, NA1BCK0104-15SA
11201922342, NB2ESTO903-17SB
11201922342, DA2MCTA037-17SA
11201720924, NB1MCTB009-17SA
11114816, NB5BCJ0203-15SA
11201920809, NA1MCZC011-15SB
11202020955, NA3BIS0003-15SA
11202020955, NB1NHZ5023-18SA
21020815, DA1BHO0001-19SB
11201921303, NA2ESTO016-17SB
21059915, DA1MCTC023-15SB
11202020790, NA1BCS0002-15SA
11202020790, NA5ESTO903-17SA
11201812367, NA1MCTA027-17SA
11201812367, DA1MCTA025-13SA
11201810126, NA1NHZ5020-15SA
11201810126, DA1BCS0002-15SA
21066313, DA1BHO1335-15SB
21066313, DA1BHO1102-19SB
21066313, NB1BIN0406-15SB
11201722349, DA1MCTA008-17SA
11202022148, DB1BIR0603-15SA
21080714, DA1ESTG008-17SB
21080714, NA1ESTG020-17SB
11202021346, DC1BIS0003-15SB
11036910, DA1ESTS012-17SB
11202131521, NB3BCJ0205-15SA
11202111688, NA2BIN0406-15SB
11202111688, NA1BHP0202-15SB
11201721592, NA1MCTA017-17SA
11201723118, NB1BIR0603-15SA
11201723118, NA2BIL0304-15SA
11201723118, NB3BIJ0207-15SA
11202021646, NB1NHT5013-15SA
11201920437, DA1ESHR008-13SB
11201921239, NA2BHO0102-15SB
11201921239, NA1BHO1102-19SB
11201921239, DA1NHZ5020-15SA
11201822544, NA1ESZS004-17SB
11201822544, DA1ESZS029-17SB
11201811085, NA1ESZG020-17SB
11201811085, NA1NHZ6001-18SA
11201920299, NA1MCTD010-18SA
11202130075, NA1NHZ2099-16SB
11202020709, DA1ESHR008-13SB
11202020560, NA1ESHC020-17SB
11202020560, NA1ESHC002-17SB
11201822461, NA1BIL0304-15SB
11202021512, NA1ESTS008-17SB
11075716, DA1MCTA004-17SA
11075716, DA1MCTA015-13SA
11202021159, DA1ESHR006-13SB
11202111135, DA1NHT1057-15SA
11201721368, NA1NHZ5020-15SA
11201721368, NA1MCTA017-17SA
11202131362, DA1ESZU017-17SB
11201932527, NA1NHZ6007-18SA
11202021841, DA1BHO0001-19SB
11202210051, DA1NHZ5020-15SA
11202020920, NA1ESTO013-17SB
11202020920, NA1ESHC035-21SB
11202021354, NA2ESTO902-17SA
11031515, NA1ESTB030-17SB
11202020397, NA4BIS0005-15SB
11202020397, DA1ESHR004-13SB
11202020397, NA1ESHT023-17SB
11202020714, DA1NHZ5020-15SA
11202022267, DA3BIJ0207-15SA
11202131363, DA1BHQ0004-19SB
11201810911, NA1NHT4007-15SA
21053416, DA1ESHC031-17SB
21053416, DA1ESHP022-14SB
11202022149, NA1NHT1056-15SA
11202022149, NA1NHT4002-13SA
11202022150, DB1BIR0603-15SA
11201811755, NA1ESZU024-17SA
11201920559, NA1NHZ5020-15SA
11201920559, NA1ESZU029-17SA
11201722481, DA1ESZG013-17SB
11201722481, NA1ESTG020-17SB
11202022151, NB1BCJ0203-15SA
11201920932, DA1ESHC040-21SB
11201812118, NA2ESTO001-17SA
11201810623, NA1ESZB015-17SA
11201810623, NA1MCZB031-17SB
11201810623, DA1ESTO903-17SB
11202021609, NA1ESHR017-13SB
11202021609, NA1ESHR002-13SB
11201810489, NA1ESTA008-17SB
11202020096, DA1NHI2049-13SA
11202020096, DA1ESZI045-17SA
11202021809, NA1ESHC031-17SB
11201822472, NA1ESZG006-17SB
11201822472, DA1ESTG017-17SB
11048416, NA1ESZC019-21SB
11048416, NA1ESZC013-17SB
11201920905, NA2BCK0104-15SA
11201920905, NA1MCTA027-17SA
11121515, DA1ESZU029-17SA
11061413, NA1ESTO004-17SA
11201723069, DA1ESTG017-17SB
11201811230, NA2MCTA002-17SA
11201811230, NA2MCTA037-17SA
11201811230, NA2MCTA025-13SA
11063816, NA1BCS0002-15SA
11119715, NA1ESTI016-17SA
11054716, NA1MCTA027-17SA
11201811669, NB1ESTI003-17SA
11201922141, NA1MCTA004-17SA
11202131730, NA1BIQ0602-15SB
11201811890, NA1ESZG021-17SB
11201721499, DA1ESTS015-17SB
11201920862, DA1MCTA015-13SA
11201811033, NA1ESZU016-17SA
11201921967, NA1ESHC030-17SB
11201921967, NA1ESHC035-21SB
11201921001, DA1ESZC013-17SB
11202130382, DC1BCS0001-15SA
11202130382, NB1BCJ0205-15SA
21050616, NA1ESZC013-17SB
11202020230, NA4BIS0005-15SB
11202130424, DB1BCM0506-15SA
11202021390, NB3BCS0001-15SB
11201920744, NA2MCTA017-17SA
13201910076, NA1ESHC040-21SB
13201910076, DA1BHS0005-19SB
11119214, DB1ESTI003-17SA
11202130458, NB1BIQ0602-15SA
11202130458, NB3BCJ0205-15SA
11064416, NA1MCTA014-15SA
11064416, DB1MCTA008-17SA
11202130186, DB2ESTO006-17SA
11201921261, NA1BHS0002-17SB
11201920934, NA1NHZ3058-15SA
11201920934, DA1MCTB023-17SA
11201812281, DA1ESTG008-17SB
11201812281, NB1BCM0506-15SB
11201811900, NA1ESTO903-17SB
11202131370, NA1BIQ0602-15SB
11201810267, NA1ESTE034-17SA
11201811271, NA1ESZE073-17SA
11201720334, NA1MCZA006-17SA
13201812187, DA1ESHC040-21SB
11201920561, NA1ESHC040-21SB
11201722266, DA1MCTB009-17SB
11201811219, DA1MCTC023-15SB
11201922298, NA1ESHC040-21SB
11201722706, NA1ESTU029-17SA
11201822502, NB1ESTO017-17SA
11202021061, NC2BIS0003-15SA
11202020618, DB1ESTO006-17SA
11201811656, NA1ESHR017-13SB
11201810422, NA1MCZA006-17SA
11201810422, NA2BCK0104-15SA
11201922325, NA4MCTA028-15SA
11201920105, DA1MCTA015-13SA
11201920105, DB1MCTA008-17SA
11202111155, DA1ESTU026-17SA
11201812024, DB1ESTO013-17SA
11201812024, DA1ESZM016-17SA
11201722991, NA1ESTE019-17SA
11201920626, NA1ESHR004-13SB
21035614, NA1ESHR026-14SB
11202111158, DA1BCL0307-15SA
11064916, NA1ESTM003-17SA
11201920456, DA2MCTA002-17SA
11201811526, NA2ESTO902-17SA
11201811303, DA1NHI2049-13SA
11201811303, DB1BCK0104-15SA
11201811301, NA1MCTA037-17SA
11201932603, NB1MCTA028-15SA
11201932603, NA2ESTU026-17SA
11201721038, NA1ESTA014-17SA
11201921898, DA1ESHP004-13SB
11100216, NA1MCZB015-13SA
11201921560, DC1ESTO006-17SB
11201921560, NA1ESZS004-17SB
11202130278, NA2BHO0102-15SB
11201811879, NA1NHZ6007-18SA
11202021379, NA1MCZA006-17SA
11201811544, NA1ESTG014-17SB
11201920269, DB1ESTO903-17SB
11202021861, NA1ESHC040-21SB
11202131377, NC3BIS0003-15SA
11051113, NB1ESTS015-17SB
11051113, NA1ESTI003-17SB
11051113, DB1ESTO903-17SB
11051113, DA1ESTS004-17SB
11201922223, NB1BCM0506-15SA
11201810057, NA1ESZG021-17SB
11201810057, NA1ESZG020-17SB
11201723119, NA1ESTG014-17SB
11201723119, DA1ESZG041-17SB
11201810579, DA1ESTG006-17SB
11202020025, NA1ESTU004-17SA
11201721401, DA1ESTG017-17SB
11202021901, NC4BIS0003-15SA
11201920983, NA1ESZG020-17SB
11202130926, DA1ESTO012-17SA
11201922134, NA1ESZS004-17SB
11073313, NA2ESTI013-17SA
11202022295, NA1ESHT010-17SB
11060616, NA1BHO0102-15SB
11201921868, NB1MCTA028-15SA
11201722519, NA1BHS0005-19SB
11201722519, NA1ESHP022-14SB
11201722519, NA1ESHP007-13SB
11069516, DA1ESZM016-17SA
11202021052, NA1ESTU032-17SA
11202021052, NA1ESTU023-17SA
11201810376, NA1ESZG020-17SB
11201721114, NA1ESTU037-17SA
11201811045, NA1ESTG023-17SB
11202020692, NA1ESHC026-17SB
11201810526, NA1BIK0102-15SA
11202021417, NA1MCTB023-17SA
11201722377, NA1BHO0002-19SB
11042113, NA1MCTB002-13SA
11042113, NA1MCTB007-17SA
11042113, NB1ESTA005-17SA
11201921689, NA1ESZA007-17SB
11201720564, NA1NHT3054-15SA
11201812048, NA1ESZG021-17SB
11201812048, NA1ESTG022-17SB
11201720494, DA1ESZI014-17SA
11084614, NB1ESTA005-17SA
21007616, NB1ESTA014-17SA
11202131388, NA2BCK0104-15SA
11202130450, NA3BIL0304-15SA
11201921832, DB1BCS0002-15SA
11201721549, NA1MCZB015-13SA
11202130038, DA2BCJ0203-15SA
11201811588, NB1BIQ0602-15SA
11201811588, NA1ESZU024-17SA
11202232187, NA1MCZC008-13SB
11083916, NA1ESZA018-17SA
11202021973, NA2BHQ0003-15SB
21072814, NA1MCZB031-17SB
21072814, NA1ESHC035-21SB
21016516, NA1MCTC022-15SB
11201810696, DB1BCS0002-15SB
11201810696, NA1MCTB026-17SA
21019316, NA1ESHP007-13SB
11085816, NA2ESTO004-17SA
11202020302, NA1BHO0101-15SB
11201922156, NA1MCTA004-17SA
11201922156, NA1MCTA027-17SA
11088715, NA1ESTE015-17SA
11088715, NA1ESTU029-17SA
11201810777, NA1ESZA006-17SA
11201810777, NA1BCN0407-15SA
11201810777, NA1ESTE015-17SA
11201810777, NA1BCN0405-15SA
11201810777, NA1ESZE073-17SA
11202111986, NB1BIN0406-15SA
11201811591, NA1ESZU029-17SA
11201723057, NA1ESTA020-17SA
11201723057, DA2ESTO004-17SB
11201723057, NA1MCZB031-17SB
21020915, NA1MCZB031-17SB
21020915, NA1ESZS004-17SB
11201921911, NA1NHZ6007-18SA
11201810398, NB1ESTA019-17SA
11201810398, NA1MCTB009-17SB
11202021898, NA1BCK0104-15SA
11202210073, NA2BIN0406-15SB
11202210073, NA1BHO0102-15SB
11202210073, NA1BHO0101-15SB
11202020771, NA3BIK0102-15SA
11202020420, NA4MCTA028-15SA
11202020420, DA1ESTO012-17SA
21072716, NA1BCK0103-15SA
21072716, NA2BCJ0203-15SA
21072716, NA1BCN0405-15SA
11201811681, DA1ESHC040-21SB
11201811681, DA1ESHP022-14SB
21058312, NA1MCTA025-13SA
11201920811, NA1MCTA004-17SA
21012312, NA1BHO1335-15SB
11089315, DA1MCTD023-18SA
11089315, DA1MCTD021-18SA
11089315, DA1NHT5013-15SA
11202020316, DA1BCK0104-15SA
11202020720, NA1BCN0407-15SA
11042911, DA1ESTG017-17SB
11201921074, NA1ESHP022-14SB
11201720348, NA1NHZ3001-15SA
11201922235, NA1ESTO902-17SA
11201922235, NA2ESTO006-17SA
11201811265, NA1ESZG043-17SB
11201811265, NA1ESZG006-17SB
11201811265, NA1ESTU040-17SA
11202021651, NA1NHZ1027-15SA
13201723149, NA1NHT3070-15SA
13201723149, DA2MCTC023-15SB
11201921846, NA1ESTO017-17SA
11201921846, NA1ESHT010-17SB
11201921773, NA2ESTO902-17SA
11201921676, NA1ESTB007-17SB
11201722790, NA1ESZG021-17SB
11201920284, DA1MCTA015-13SA
11201920284, DA2MCTC023-15SB
11202020313, DA1ESHT019-17SB
11202021903, NA1BCN0405-15SA
11202020506, NB4BCJ0203-15SA
11103315, NA1MCTA004-17SA
11202020533, NA1ESHP007-13SB
11202021904, DB1ESTO012-17SB
11201921767, NA2NHT4002-13SA
11201721748, NA1ESTG020-17SB
11202020427, NA1ESHC031-17SB
11202020427, DA1ESHR008-13SB
11201921944, DA1MCTC022-15SB
11201921059, NA1ESTG014-17SB
11201920159, NA1ESHC035-21SB
11201822531, DA1ESTU007-17SA
11201810226, DA1ESTG009-17SB
11202130343, NB1BIR0004-15SA
11202130343, NB2BCJ0205-15SA
11202022089, NA1ESHP022-14SB
11201922194, NB2BCK0104-15SA
11115016, DA1ESZI045-17SA
11202021907, DB2BIN0406-15SA
11202021907, DA1NHZ1009-15SA
11202130360, DA1NHZ5020-15SA
11202130389, DA1ESZP034-14SB
11202130396, DA1ESTO012-17SA
11201921003, NB1BIJ0207-15SB
11202130400, NA1NHT1053-15SA
21029314, DA1ESZU017-17SA
21029314, NA1ESZU024-17SA
11201920362, DA1MCTA027-17SA
11201920362, DB1NHT5013-15SA
11202022245, NB1BIN0406-15SA
11202022245, NA1ESTA014-17SA
11202022245, NB2ESTO011-17SA
11015216, NA1ESZS021-17SB
11015216, NA1ESTB018-17SB
11201812096, NA1ESTU023-17SA
11202020017, DA1BIR0603-15SA
11201921630, DA1ESZU017-17SA
11201921777, NA1ESTM004-17SA
11201722217, NA1NHH2009-13SB
11202131200, DA1BHQ0004-19SB
11202021082, NA1ESTA022-17SA
11201722438, DA1ESZS004-17SB
11201722438, NA1BCN0402-15SB
11201922357, DB4BIS0005-15SB
11024416, NA1NHH2073-18SB
11024416, NC1NHT5013-15SA
11024416, NA1NHT1068-15SA
11114115, DA1ESTS004-17SB
11201810592, NA1ESTI013-17SA
11202020587, NB1BCM0506-15SB
11201811903, NA2ESTO004-17SB
11201920214, NA1ESTG020-17SB
11028016, DA1ESTE037-17SA
21062116, DA1NHH2065-18SB
11202021909, NA1MCTC002-15SB
11202021909, NB1BCN0405-15SB
11202232267, NA1BIK0102-15SB
11201932452, NA1ESHC031-17SB
11201932452, NA1ESHC030-17SB
11202131963, NA3BCJ0203-15SB
11201920948, NA1ESTO017-17SA
11201811370, NA1ESTO004-17SB
11201811370, NA1ESTG020-17SB
11201811576, NA1ESHC028-17SB
11201811576, DA1ESHC008-21SB
11202021513, NA1NHZ3001-15SA
11201812366, NA1ESHR025-14SB
11202130202, DA1ESHR025-14SB
11202232186, NA1ESHT023-17SB
11201921440, DA1NHZ6011-18SA
11201822556, NA1BHQ0004-19SB
11201822556, NA1ESHR004-13SB
11202021777, DB1BCM0506-15SB
11202021777, DC1BIJ0207-15SB
11202021732, DB1NHZ6001-18SA
11201811424, DAESTO012-17SB
11201811424, DA1LHZ0026-19SB
11201811424, DA4ESTO902-17SA
11201811424, NA1NHZ6007-18SA
11201811424, DB1BHO0102-15SB
11201811424, DA1ESTE034-17SA
11202232214, DA2BCN0405-15SA
11201810958, DA1MCTA037-17SA
11202020665, NA1ESHR007-14SB
11025013, DB1MCTA008-17SA
11201721640, NC1ESTA019-17SA
11201721640, NA1NHZ1027-15SA
11201920969, DB1BCK0104-15SA
11201920969, NA1NHI2049-13SB
11202021879, NA1MCZC008-13SB
11201932526, DA1ESTO903-17SB
11202130635, DB1BCN0405-15SA
11201811488, NA1ESZU016-17SA
21075016, NA1NHH2009-13SB
11202022167, NA2BHQ0003-15SB
11202131211, DA1BIQ0602-15SB
11202131211, DA1BCM0505-15SB
11202131211, DA1ESHP018-14SB
11202131211, DA7BIS0005-15SB
11009115, DA1ESZB021-17SB
11201822525, NB1NHT5013-15SA
11202131001, DAESTO012-17SB
11201921619, DA1ESHR017-13SB
11202020172, NB1BIR0004-15SA
11202111117, NB4BIS0005-15SB
11201920644, NA1MCTD021-18SA
11201920644, NB2BCN0407-15SA
11201922411, NA1ESHR004-13SB
11202021758, NB1NHI5001-15SA
11202021758, NA1MCTA028-15SA
11202021758, NB1BCS0002-15SA
11201811395, NB1BIN0406-15SB
11201921446, NA1MCTC024-15SB
11201812113, DA1MCZC021-20SB
11019415, NB1ESTU029-17SA
11019415, DA1ESZU029-17SA
11019415, DA1ESZU031-17SA
11202021178, NC1BCS0001-15SA
11202021323, NA1ESHC032-17SB
11202021323, NA1ESHC030-17SB
21093115, NA1ESHT001-17SB
21093115, NA1ESHP018-14SB
11202020643, NB1BIQ0602-15SA
11201920961, DA1ESHP022-14SB
11201920961, DA1ESHP004-13SB
11202020716, DA1ESZP034-14SB
11201720028, DA1ESTS005-17SB
11201720028, DAESTO012-17SB
11201922241, NA1ESTU023-17SA
11201810355, NB1BIR0004-15SA
11201810355, NA1BIQ0602-15SA
11201810355, NA1MCTB023-17SA
11201720354, NA2MCTA004-17SA
11040615, NA1MCTA017-17SA
11202020398, DA1ESTU023-17SA
11202021835, NA1NHI2049-13SA
11202021835, NA1MCZA030-17SA
11201921937, NA1ESHR008-13SB
11201921937, DA1ESHR017-13SB
11201920804, NA1NHZ2138-18SB
11201721433, NA1ESTI007-17SA
11202130785, NA1NHZ6001-18SA
11201721068, DA1MCZA010-13SA
11201721068, DA1MCTA025-13SA
11201722257, NA1BHO1102-19SB
11201810252, DA1ESZG041-17SB
21089215, NA1ESTI005-17SA
11202022246, DA1ESTA002-17SB
11202022070, NA1ESHR004-13SB
11202130942, NB1BCN0407-15SA
11202130942, NA2ESTO011-17SA
11201920210, NB1BHO0102-15SB
11201920210, NA1NHH2009-13SB
11201810390, NA1NHT5013-15SA
11201810390, NA1BHQ0004-19SB
11046015, NA1MCZC008-13SB
11112116, NA1ESTG020-17SB
11021314, NA1NHT3090-15SA
11201922136, NA1ESTO017-17SA
11201922136, NA1ESTE019-17SA
11051116, NA5BCJ0203-15SA
11051116, DA1MCTA025-13SA
11201812243, NA2ESTE019-17SA
11201812243, DB1BCS0002-15SB
11201922203, NA1MCZA030-17SA
11201922203, NA1ESTO006-17SA
11201922203, NA1ESTU023-17SA
11201721651, NA1ESZA018-17SA
11201921662, NA1NHT1056-15SA
11201921662, NA1NHZ1009-15SA
11201822489, NA1BCM0505-15SA
11201920126, DA1ESTG009-17SB
21079714, NA2NHT4002-13SA
21079714, NA1NHT4051-15SA
11201721544, NA2BCJ0203-15SB
11201723061, NA1ESZG021-17SB
11201723061, NA1ESZG043-17SB
11201920317, NA2BCN0407-15SA
11201921947, NA1ESTO016-17SA
11201922312, NA3BIN0406-15SA
11202020691, DAESTO012-17SB
11202022172, NA1BCK0103-15SA
11202022172, NC3BIS0003-15SA
11202022172, NA3BIN0406-15SA
11202022172, NA1ESZE031-17SA
11102012, NA1ESZA006-17SA
11102012, NA1ESTO015-17SA
11201920583, NA1MCTA037-17SA
11201920583, NA1MCZA006-17SA
11202210043, DC3BIS0005-15SB
11202210043, NA1MCTC024-15SB
11202210043, DA2MCTC023-15SB
11202112049, DA2BCJ0203-15SA
11201810690, NA1ESZU016-17SA
11202020648, NB1BCJ0205-15SA
11202020648, NA1BIN0406-15SA
11046415, NA1NHI2049-13SB
11046415, NB1BIQ0602-15SA
11201712922, DA1ESHT007-17SB
11201712922, DA1ESHP027-14SB
11202020092, DA1ESHR026-14SB
11201811193, NA1ESTU023-17SA
11201811193, NA1ESTU037-17SA
21055813, DA1MCTA017-17SA
11201722443, NA1ESHR026-14SB
11201811622, NA1ESTA020-17SA
11201810089, NA1ESZG021-17SB
11201810634, NB1BCS0002-15SB
21036614, NA1MCTC022-15SB
21036614, DA1MCTC011-15SB
21036614, NA1MCZC021-20SB
11201722867, DB1ESTO013-17SA
11202020376, NA1BIN0406-15SA
11202020376, NC1NHT5013-15SA
11202021705, DA1ESZC020-17SB
11201921292, NA1NHZ2138-18SB
11201932457, NA2BHQ0003-15SB
11201932457, NC1BIS0003-15SB
11202020006, NA1ESHC002-17SB
11201812162, DA1BHO0101-15SB
11201812162, DA1BIR0603-15SB
11201810185, NA1MCTC024-15SB
11201810185, NA1BCK0104-15SA
11201810185, NA1MCZB031-17SB
11202021882, NA1BIR0603-15SB
11201810105, NB1ESTO008-17SA
11201810105, NA1ESTI017-17SA
11201810105, NB1BIN0406-15SA
11201723076, DB1BCJ0205-15SA
11201812103, NA4ESTO903-17SA
11085714, NA1ESTE019-17SA
11201921929, DA1MCTC022-15SB
11201722290, NB1BCM0506-15SA
11091016, NA1NHT5013-15SA
11091016, NA1ESTO903-17SA
11091016, NA1NHZ5020-15SA
11202131023, DA1BIS0003-15SB
11202021218, DA2BCN0405-15SA
11201722300, DA1ESTA017-17SA
11201722300, NA1ESZE104-17SA
11202022013, NA1BCN0407-15SB
11202022013, NA1ESHC028-17SB
11201921968, NB1MCTB009-17SA
11201822420, NBESTO012-17SB
11202111127, DB2BIR0004-15SB
11202111127, DA1BIR0603-15SB
11085916, NA1NHT1070-15SA
11201920998, NA1MCTA004-17SA
11201920998, NA2BHO0102-15SB
11202022175, NA2BHO0102-15SB
11201932450, NA1ESHT021-17SB
11201722136, NC1ESTA019-17SA
11201722136, NA1MCTD010-18SA
21017114, DB1ESTI003-17SA
21017114, DA1ESTS004-17SB
21017114, DA1ESTS012-17SB
21017114, NA1ESZA006-17SA
11202021210, NA1BHO0101-15SB
11202021210, NA2BHO0102-15SB
11036716, NA1ESTO017-17SA
11036716, NA1ESTA020-17SA
21088416, NA1ESHT001-17SB
11202111715, DA1BHO1102-19SB
11202020988, DA2BCN0405-15SA
11201811973, DA1MCZA010-13SA
11008315, NA1ESZG006-17SB
11008315, NA1BCJ0203-15SB
11201720228, NA1ESHC035-21SB
11201920570, NA1ESHC040-21SB
11201720170, DA1ESZM021-17SA
11088616, DA1MCTB024-13SA
11088616, DA2BCS0002-15SA
11202131034, NB1BIR0004-15SA
11201722778, DA1ESTG006-17SB
11201722778, NA1ESHP004-13SB
11201722778, NA1ESHR004-13SB
11201920933, DB1MCTA008-17SA
11201921939, DA1MCTB023-17SA
11201921939, DA1MCTB007-17SA
11201811860, NB2MCTA028-15SA
11201921368, NA1ESHC031-17SB
11201921368, NA1ESHC026-17SB
11202111926, DA2ESTO903-17SB
11202130955, NA1BIR0004-15SB
11201912415, NB2BCS0002-15SA
11202021058, DA1ESZU017-17SA
11201810043, NA1ESHP026-14SB
11201810043, NA1ESHT023-17SB
11201810043, NA1ESHP018-14SB
11201922153, NA1ESHC035-21SB
11201921461, DA1NHZ5020-15SA
11201921461, DA1ESTU011-17SA
11201722354, NA1MCTD023-18SA
11201722354, NA1ESTU011-17SA
11125315, NA1BCK0104-15SB
21045916, NA1ESHC031-17SB
21045916, NA1ESHC028-17SB
21045916, NA1ESHC008-21SB
11083514, NBESTO012-17SB
11202232298, NB3BIJ0207-15SA
11201811854, NA1ESZG021-17SB
11201921396, DA1NHZ6001-18SA
11201921396, NA1MCZA030-17SA
11202022053, DA1ESZP034-14SB
11202021656, NA1BHO0102-15SB
11202021656, NB2ESTO012-17SB
11089116, NA1ESTU037-17SA
11089116, NA1NHZ3001-15SA
11063516, DA1ESZP034-14SB
11201812007, NB1ESTA019-17SA
11201812007, NA1MCZB015-13SA
11202131313, NA1BCJ0205-15SA
11202131313, DA1BCN0402-15SB
11202131313, DA1BCM0505-15SB
11202131313, NA4BIS0003-15SA
11201810601, NA1NHZ2138-18SB
11201921849, NC3BIS0003-15SA
11201922127, NA1MCTA017-17SA
11201922127, NA1ESTI007-17SA
11202130657, DB1BCN0405-15SA
11201722327, NA1ESZU029-17SA
11201921192, NA1ESZE104-17SA
11201722652, NA1MCTA004-17SA
11202021089, NA1BIN0406-15SB
11201920765, NA2MCTA037-17SA
11201920765, NA1ESTO017-17SA
11202020466, NB1BCS0002-15SB
11202020466, DA1ESZI045-17SA
11202020088, NA2MCTA037-17SA
11202131314, NB6BIS0005-15SB
11061915, NA1NHZ1009-15SA
11061915, NA1ESZM027-17SA
11202020919, DA1ESZB021-17SB
11202020919, NA1BCS0002-15SB
11202020919, DA1ESZG013-17SB
11201920312, NA1NHZ6007-18SA
11201920312, NA1ESZU036-17SA
11080312, NA2MCTA017-17SA
11065115, NA1MCTA027-17SA
11201720218, DAESTO008-17SB
11201720218, DB1ESTO012-17SB
11202021222, DB1BCS0002-15SB
11202021222, DIESTS003-17SB
11202021222, DAESTO012-17SB
11202020450, NA1MCTA028-15SA
11201812021, NB1ESTI003-17SA
11201921060, NA2BCM0505-15SA
11201721849, NA1MCZC021-20SB
11201721849, NA1MCTC022-15SB
11201920150, NA1ESTA014-17SA
21012615, NA1NHH2065-18SB
11008616, NB1ESTA005-17SA
11010813, DA1ESZU019-17SA
11201920365, NA1MCZC008-13SB
11201722622, DA1ESTA010-17SA
11201722622, NA1ESTA005-17SA
11201722622, NA1ESZA018-17SA
11201920396, NA1ESHP007-13SB
11201921248, DA1MCTA014-15SA
11201921275, NB1BHO0001-19SB
11201921275, NA1NHZ6001-18SA
11202022069, NA1ESHR004-13SB
11201720124, NA1ESTE015-17SA
11201812063, NB2ESTO903-17SB
11202131318, NB1BCL0307-15SB
11201720246, NA1ESZS004-17SB
11201811279, NA1NHT5013-15SA
11011116, DA1ESHC008-21SB
11202210085, NA1BIN0406-15SA
11201822433, NA1NHT3013-13SA
11201721762, DB1ESZG013-17SB
11201721762, DB1BCS0002-15SB
11201721762, DA1ESTG010-17SB
11202232295, DC2BIL0304-15SA
11202020731, DA1ESZI043-17SA
11202012136, NA1ESHC031-17SB
11202020127, DA1ESTO016-17SB
11201720208, NA1ESHR026-14SB
11201810143, NA2MCTA037-17SA
11202021192, DA1BCM0506-15SA
11202021192, NA2BIR0004-15SA
11201722575, DA1ESTS004-17SB
13201822595, NA1ESHC034-21SB
13201822595, NA1BCN0402-15SB
13201822595, NA1ESHC002-17SB
11201920291, NA1NHT5013-15SA
11201920291, DA1NHZ5020-15SA
11201920291, NB1BHQ0004-19SB
11202020640, DA3ESTO902-17SA
11202021564, NA3BIS0003-15SA
11202021098, NA1ESHC032-17SB
11201811547, NB2ESTO011-17SA
11095215, NA1ESTO011-17SA
11095215, NA1MCZA006-17SA
11202021245, DA1ESTO012-17SA
11201920417, DA1ESTO902-17SA
11079516, DA2BCS0002-15SA
11079516, NB2ESTO013-17SA
11079516, NA1ESTO016-17SA
11079516, NB1ESTO008-17SA
11201921222, NA1MCTA037-17SA
11018213, NA1ESTO017-17SA
11018213, NA1ESTU029-17SA
11201922308, NA1ESZI017-17SA
11201922308, DA1MCTA017-17SA
11201922308, DB1BCS0002-15SA
21031016, NA1ESTG020-17SB
11202232212, DA1MCTA027-17SA
21031813, NA1ESTI013-17SA
11201811401, NC1ESTA019-17SA
11201811401, NA1NHT5013-15SA
11202021790, NA1BCN0405-15SB
11202021790, NA1BIR0603-15SB
11202021790, NA1BHO1335-15SB
11202021790, NB1BCK0104-15SB
11080716, NA1MCTB007-17SA
11201811186, DA1ESTU024-17SA
11201811186, DA1ESHC026-17SB
11201932544, NA1ESZG006-17SB
11201810153, NA1ESTB010-17SB
11201810153, NA1MCZC008-13SB
11201810464, NA1ESTO016-17SA
11201810464, NA1ESTA002-17SB
11201810464, NA1MCZB015-13SA
11201810464, NA1ESTO015-17SA
11201720780, NA2ESTO004-17SA
11201720780, DA1ESZA005-17SA
11201810549, NA1ESZG021-17SB
11201810435, DA1MCTA014-15SA
11201810435, DA1ESTO902-17SA
11201810435, NA1ESTB002-17SB
21022716, DA1ESZU019-17SA
11202021637, NA1ESTA005-17SA
11026916, NB1NHI5001-15SA
11201811432, DA2MCTA002-17SA
11201811432, DA1MCTA014-15SA
11201811432, NC1ESTO006-17SB
11201932513, DA1ESZC020-17SB
11201932513, NA1ESZG006-17SB
11201932513, NA1ESZG021-17SB
11201932595, NA1ESHC020-17SB
11201722433, NA2MCTA017-17SA
11201810970, NA1NHZ6001-18SA
11037216, NA1ESZU016-17SA
11033115, DB1NHH2088-16SB
11039715, DA1ESTG025-17SB
11201921327, NA1ESHC028-17SB
11201921327, NB3BIS0005-15SB
11201921327, NA1ESHT005-17SB
11201921327, NA1BCN0402-15SB
11202130439, NA1ESHR025-14SB
11082216, NB1ESTG022-17SB
11106214, NA1NHT4051-15SA
11202022283, DA1ESZM021-17SA
11201920288, NB1BCM0506-15SB
11202131985, NC1BIK0102-15SB
11202131985, NA1BIN0406-15SB
11202021844, NB1BIR0004-15SB
11202021844, NC1BIL0304-15SB
11201721188, NA1ESHR004-13SB
11202020176, DA1NHI2049-13SA
11202021168, DA1ESTO005-17SB
11202021168, DB1NHI5001-15SA
11202020303, DA1BCN0402-15SB
11202021918, NA1ESHR025-14SB
11202021918, DA1ESHR002-13SB
21030215, DA1ESZC020-17SB
21030215, NA1ESHC035-21SB
11202232291, NA1BIQ0602-15SB
11202130687, NA1BHO0102-15SB
11202021094, NA4ESTO902-17SA
21018114, NB1ESTE035-17SA
11201810622, NA1MCTA037-17SA
11202022181, NB1BIN0406-15SA
11202022181, NA1NHT1030-15SA
11202131707, DC3BIS0003-15SA
11202021860, DA5ESTO903-17SA
11201920960, NA1BHO1335-15SB
11201920960, NB1BIN0406-15SB
11201920786, NA1MCZC021-20SB
11091012, NB1ESTI003-17SA
11091012, NA1ESTE015-17SA
11201920581, DA1ESZI043-17SA
11201920581, DA1ESTU023-17SA
11039714, NA1MCTB022-17SA
11202020938, DA1ESZP034-14SB
11094913, NA2ESTO004-17SA
11202021088, NB1BCK0103-15SB
11202131964, DB3BCM0506-15SA
11201721315, NA1MCTC002-15SB
11201721315, NBESTO012-17SB
11201721315, NA1BCM0506-15SB
11201810033, DA1BIR0004-15SA
11201810033, DA1ESZG013-17SB
11201810033, NA1ESTA020-17SA
11201721904, NA1MCTB009-17SA
11201812209, NA1ESHT010-17SB
11201812209, NA1ESHP018-14SB
11068215, NB1ESTI003-17SA
11068215, NA1MCTB001-17SA
11068215, NB1ESTO008-17SA
11201922345, NA2BCL0307-15SA
11201922345, NA3BIK0102-15SA
11201922345, NA2BCK0104-15SA
11201932591, DA1BHO0002-19SB
11201921807, DA1ESTG009-17SB
11201921807, DB1ESZG013-17SB
13201910087, NA1ESHC040-21SB
11201810642, NA1ESTB030-17SB
11202020268, DA1NHH2009-13SB
11201723023, NA1ESZC013-17SB
21086316, NA1ESZA018-17SA
21086316, NA1ESTM009-17SA
11201812017, NA1ESZG006-17SB
11201921099, NA1MCTA027-17SA
11076412, DA1ESTO903-17SB
11201812150, DA1MCTA002-17SA
11201812150, DA1MCTA017-17SA
11115914, DA1ESTI005-17SA
13201910078, NA1MCTC002-15SB
13201910078, NA1BHS0002-17SB
13201910078, NBESTO012-17SB
11202130799, DA1BIN0406-15SA
21087416, DA1MCTB001-17SB
11201922323, DB1BHQ0004-19SB
11201922323, DA1BHP0202-15SB
11201922323, DA4BIS0005-15SB
11201810428, DA1ESTG009-17SB
11201810428, DA1ESZG041-17SB
11201810428, DA1ESTG007-17SB
11202020350, NA1ESTU004-17SA
11201722207, DA1NHZ5020-15SA
11201722207, NA1MCTB009-17SA
11201722207, DB1ESTO012-17SA
11201811310, NA1ESZG020-17SB
11202021314, NA1BCN0405-15SA
11202111585, DC1BIS0003-15SB
11201721688, NA1NHZ5020-15SA
11202131645, NA1BCN0402-15SB
11201920829, DB1BCS0002-15SB
11201921855, NA1NHH2034-13SB
11202131904, NA1BIQ0602-15SA
11202131904, NA1ESTU023-17SA
11093914, NA1MCTA027-17SA
11093914, NA1MCTA025-13SA
11202022120, NA2BIN0406-15SB
11202022120, NB4BIS0005-15SB
11202022120, NA1ESHT010-17SB
11201722868, NA2MCTA037-17SA
11201722868, NA2MCTA004-17SA
11202230400, DA1MCTC024-15SB
11202230400, DA1MCZC008-13SB
11202230400, DA1NHZ1009-15SA
11202230400, DB1ESZG013-17SB
11201721257, NA4ESTO902-17SA
11201720568, NC1BIS0003-15SB
11201720568, DA1BHS0005-19SB
11201921105, NA1NHT1057-15SA
11201921105, DA1MCTA004-17SA
11202131648, NA1BIR0004-15SB
11202131648, NBESTO012-17SB
11201811858, NA1ESHR006-13SB
11201811858, NA1ESHR026-14SB
11201722160, DA1ESTG017-17SB
11201722160, NA1ESTG020-17SB
11201721176, NA1MCTC011-15SB
11201721176, NA1BCN0402-15SB
11202111587, NC1BIS0003-15SB
11201811785, DA1ESTG025-17SB
11201811785, NA1ESTG005-17SB
11201722140, NA1ESHC020-17SB
11201721122, NA1NHT1056-15SA
21090116, NA1ESHR025-14SB
21090116, NA1ESZG021-17SB
11201722542, NA1ESHP007-13SB
21072112, NA1NHT4051-15SA
11202130827, DA1ESTO902-17SA
11201920358, NA1ESZG020-17SB
11201920358, NA1ESZG021-17SB
11202020792, NA1NHI2049-13SB
11202020792, DA1MCTA002-17SA
11202111591, DA1MCZD005-18SA
11122615, NA1NHT4075-15SA
11202022253, DA2BIN0406-15SA
11201932553, DB1NHT5013-15SA
11201920287, NA1NHZ6007-18SA
11201920287, DA2MCTC023-15SB
11201920287, NA1MCTC002-15SB
11202232236, NC3BIS0003-15SA
21090515, DA1ESZU036-17SA
11201921147, DA1ESZP034-14SB
11101515, NA1ESTG005-17SB
21051115, NA1ESHP013-13SB
11201811495, NA1ESHP004-13SB
11201721134, NA4ESTO902-17SA
11015713, NA1MCTB011-17SA
11015713, NA1MCTB002-13SA
11015713, NA1MCTB023-17SA
11015713, NA1MCTB026-17SA
11201922333, NA1ESHC028-17SB
11038915, NA1MCTC002-15SB
11038915, NA1MCTC011-15SB
11038915, NA1MCZC021-20SB
11038915, NA1MCTC022-15SB
11202022022, DA2ESTO013-17SA
11201721674, NA1ESZC013-17SB
11201920443, NA1ESHR025-14SB
11201920443, NA1MCZC008-13SB
11201920187, NA1MCTA028-15SA
11201920187, NA1BCN0407-15SA
13201723221, NA1MCTA027-17SA
13201723221, NA1MCTA025-13SA
11202130292, DA1ESZP034-14SB
11201722766, NA1ESTU011-17SA
11201722766, NA1ESZM031-17SA
11201810147, NA1ESHC039-17SB
11202210126, NA1BHS0005-19SB
11202210126, NB1ESZG006-17SB
11201721212, NA1ESZE104-17SA
11201811280, NA1ESHR017-13SB
11071213, DA1NHI2049-13SB
11071213, DA1MCZC008-13SB
11202020905, DA7BCS0001-15SA
13201910084, NA1NHZ5020-15SA
11201811597, DB1NHZ4063-15SA
11001614, DA2ESTO903-17SB
11001614, NA1ESTB022-17SB
11001614, DA1ESZB026-17SB
11001614, NA1ESZB015-17SA
11201921986, DA1ESTS004-17SB
11201812327, NB1ESTA014-17SA
11201812327, DA1ESTA017-17SA
11201812327, NA1ESTO011-17SA
11201921096, NA1ESTG023-17SB
11202131610, NC1BCL0307-15SA
11201810174, NA1BCK0104-15SA
11201810174, DB1BCM0506-15SA
11201810174, DA6BCJ0203-15SA
11201810891, NA1ESTA016-17SA
11201810606, NA1MCTA025-13SA
11201932462, DA1ESHC039-17SB
11201722132, NA1NHZ3081-15SA
11093212, NB1ESTI002-17SA
11093212, NA1MCTB022-17SA
11202130843, DA1NHI2049-13SA
11202130845, NA1MCTA037-17SA
11201721230, DA1NHZ5019-15SA
11201721230, NA2MCTA025-13SA
11201721230, NA1NHT5013-15SA
11114414, DB1ESTU025-17SA
11114414, DA1MCTB001-17SA
11202020557, DA1ESHP004-13SB
11202020557, DA1ESHR002-13SB
11201812075, DA1ESTG008-17SB
11201810899, DB1MCTA008-17SA
11201812313, NA1ESTU011-17SA
11201812313, NA1ESTU004-17SA
11013316, DA1MCTA014-15SA
11201922199, NA1NHZ6011-18SA
11201811086, DA2BCJ0205-15SA
11201921370, NB3BIS0003-15SA
11201812154, NA1ESHC040-21SB
21086016, NA1ESHR004-13SB
11201921567, DA1ESTG006-17SB
11201921567, DA1ESZG041-17SB
11202021189, NA1NHT5013-15SA
21031215, NA1ESZG021-17SB
11201822392, NA1ESZG020-17SB
11201921901, NA1ESHC026-17SB
11202020551, DA1BCM0506-15SB
11202020551, DA1ESZU036-17SA
11202020551, NA3BIN0406-15SA
21011314, DA1ESTG010-17SB
11202021599, DC5BCS0001-15SA
11002716, NA1MCZC008-13SB
11002716, NA1MCTC022-15SB
11034913, NA1NHT3013-13SA
11034913, NA1NHT4049-15SA
11201921786, NA2BIN0406-15SB
11201822505, NA1NHH2034-13SB
11201822505, NA1ESHT021-17SB
11201810338, NA1MCTC011-15SB
11074216, NA1ESHT019-17SB
11074216, NA1ESTO005-17SB
11106515, NA1ESTO015-17SA
11106515, NA1ESZE031-17SA
11068913, NA1ESTI019-17SA
11068913, NA1ESZI017-17SA
11068913, NA1ESTI005-17SA
11201720720, NA1ESHC020-17SB
11201722654, NA1ESTG005-17SB
11202020359, NA1NHT1070-15SA
11105416, NA1ESZB015-17SA
11201812045, NA1ESZS004-17SB
11201722102, NA1ESHC040-21SB
11201921149, NA2MCTA004-17SA
11201921149, NA1MCTA014-15SA
11201921149, DA1MCTA027-17SA
11202021492, DA1MCTC023-15SB
11202021492, DA1MCTC022-15SB
11201921185, NA3BCJ0203-15SB
11202111575, DA1ESHR025-14SB
11201920982, NA1ESHC031-17SB
11201920982, NA1ESHC028-17SB
11201920982, NA1ESHC020-17SB
11201721826, NA1ESHP018-14SB
11201811594, NA1NHZ5020-15SA
11202020766, DA1ESTA019-17SA
11202022032, NA1ESHR007-14SB
11202022032, NA1ESHR025-14SB
11201811105, NA1ESTM002-17SA
21062013, NA1BCN0407-15SB
11202130792, NB2MCTA028-15SA
11202130792, DA1BIQ0602-15SA
11202020668, NA3MCTA028-15SA
11202022192, NB1BIR0603-15SB
11202022192, NA2BIN0406-15SB
11202022192, NA2BIR0004-15SB
11202130380, DA1ESHT005-17SB
11201810191, NA1ESTO005-17SB
11201810191, DA1BHO0002-19SB
11201810191, DB1MCTB009-17SA
11201811295, DB1ESTI003-17SA
11202130391, NA1MCTA028-15SA
11201822557, NA1BCN0402-15SB
11201922011, NA1ESZG021-17SB
11201920371, NA1ESTG023-17SB
11201920371, DA1ESTG008-17SB
11202131419, NA1BHO0102-15SB
11201920787, NA1ESZM027-17SA
11201920257, DA1MCTA014-15SA
11201920257, DA1MCTA017-17SA
11201921286, NA1ESHC031-17SB
11201921286, NA1ESHC030-17SB
11202020288, NA1ESTA022-17SA
11202111495, DB1BCS0001-15SA
11201920766, DA1MCZB031-17SB
11201932451, NA1ESHC030-17SB
11110716, DA1NHZ5020-15SA
11201812326, NA1BHP0202-15SB
11201811606, NA1MCZB015-13SA
11201811606, NA2BCK0104-15SA
11201721685, DA1ESTG010-17SB
21020714, NA1NHH2065-18SB
11202020461, NB1BCN0407-15SA
11201723019, DA1MCTA004-17SA
11201921018, NA1ESTS011-17SB
11201921018, NA1ESTO013-17SB
11202022194, NA1BHQ0003-15SB
11202022194, NA1ESHR025-14SB
11201921211, DIESTS003-17SB
11202020029, NA1ESTO902-17SA
11202020029, NB1BCS0002-15SA
11201920286, NA1ESZG021-17SB
11201920286, DA1ESTG025-17SB
11087316, NA1MCTA017-17SA
11087316, NA2MCTA004-17SA
11000715, NA1ESTO008-17SA
11000715, NA4ESTO001-17SA
11202130443, NA1BIR0004-15SB
11201920812, NA1NHI2049-13SA
11026115, NA1ESHC034-21SB
11202020651, NA1ESTU037-17SA
11202020484, DA1BCS0002-15SB
11201721301, NA1NHZ6001-18SA
11201722887, NB1BCK0104-15SA
11072714, NA1NHT4049-15SA
11201722527, NA1BCN0407-15SA
11201722527, NA1BCN0405-15SA
11202022281, NA2MCTA037-17SA
11201921263, DB1BIQ0602-15SA
11201921263, NA1ESTA002-17SB
11201921263, NB2ESTO903-17SB
11201921263, DA2BCS0002-15SA
11201920512, NA1MCZB031-17SB
11201920107, NB1BCN0405-15SA
11201920871, NA1BHO1102-19SB
11201810048, NA2MCTA002-17SA
11201810048, NA2MCTA017-17SA
11201810048, NA1MCZA006-17SA
11201921509, NB1MCTB009-17SA
11201921080, NC2BCL0307-15SA
11202020713, NA1NHI2049-13SA
11202020713, NA7BCS0001-15SA
11201921213, NB1BIR0004-15SA
11201812169, NA1MCZB031-17SB
11201811644, NA1ESHC030-17SB
11201811644, NA1ESHC034-21SB
11202022066, DA1ESHR025-14SB
11201921424, NA2ESTO011-17SA
11201810402, NA1NHZ6007-18SA
11201810402, NA1NHZ1081-13SA
11202020231, DB1BCS0002-15SB
21060913, DA1ESZC013-17SB
11202232258, NA1BCK0103-15SB
11202130720, DC1ESTO006-17SB
11202112009, NB1BIN0406-15SA
11202021753, DA1NHZ1027-15SA
11081112, NB1ESTI002-17SA
11081112, NA1MCTB022-17SA
13201811251, NA1BCN0407-15SA
13201811251, NA4BCJ0203-15SA
11201722653, DA1MCTA004-17SA
11201722653, NA1MCTA025-13SA
11075113, NA1ESTI019-17SA
11201722424, NA1MCZA030-17SA
11201722064, NA1ESZT016-17SB
11006216, DA1MCZA010-13SA
11201722799, NA1BIN0406-15SA
11201722799, NB1BIK0102-15SB
11201722799, NA1ESHR007-14SB
11201722799, DB1ESTO013-17SA
21047216, NA2ESTO004-17SB
11201722735, NA1ESZU019-17SA
13201910046, NA1ESHT023-17SB
13201910046, NA1ESZT016-17SB
21020615, DA1ESTG007-17SB
21020615, DA1ESTG010-17SB
11202111480, DA1BIR0603-15SB
11068516, NA2BCK0104-15SA
11202131418, NA2BCN0405-15SA
11202131418, NA1MCTB001-17SA
11202022276, NA1ESTI013-17SA
11202022276, DA5ESTO903-17SA
11108813, NA2ESTU026-17SA
11108813, DA1ESZU036-17SA
11202130737, NA1ESHP026-14SB
11202232294, NA1NHT4001-15SA
11202232294, NA1ESTO006-17SA
21077614, NA2ESTO013-17SB
21077614, NA1ESHC035-21SB
11201720162, NB1ESZG006-17SB
11202022197, NA1ESHR002-13SB
11201921646, NA1ESTG014-17SB
11201811463, DA1ESTG009-17SB
11201811463, DA1ESZG041-17SB
11201810331, DA1ESTG007-17SB
11201810331, DA1ESTG011-17SB
11202020986, NB4BIS0003-15SA
11201722099, NA1ESHC030-17SB
11201722099, NA1ESHP004-13SB
11202232238, NA3BIK0102-15SA
11075415, NA1BHP0202-15SB
11075415, NA1MCTC011-15SB
11075415, NA1ESHP013-13SB
11075415, NA1MCZB031-17SB
11075415, NA1MCZC011-15SB
11202020418, DA2BIL0304-15SA
11202020418, DB4BIS0005-15SB
11202020418, DA3BIJ0207-15SA
11202020418, DC3BIK0102-15SA
11201721437, DA1ESHR026-14SB
11202021209, DB2ESTO006-17SA
11202021209, NA1BCJ0205-15SB
